Workbook

Sheet Instructions
D8: Abu Dhabi Polytechnic Course and Students Learning Outcomes Assessment System
F11: Course Report | G11: Course Information | H11: Student Survey
F12: Course Analysis | G12: Course Syllabus | H12: Students Names and ID
F13: Homework | G13: Quizzes | H13: Final Exam
F14: Laboratory | G14: Reports & Presentations | H14: Midterm Exam
C20: Measurement Scale
C21: Score Scale | E21: Score Interpretation
C22: 1 | E22: Poor/ insufficient | G22: Poor performance, but generally meets the minimum criteria. Considerable further work is required. (Improvement action plan is required)
C23: 2 | E23: Sufficient / Satisfactory | G23: Fair performance, but with significant shortcomings. Some work is required. (Improvement action plan is required).
C24: 3 | E24: Good/Average Performance | G24: Generally sound work with number of notable errors.
C25: 4 | E25: Very good Performance | G25: Above the average standard with some errors.
C26: 5 | E26: Outstanding Performance | G26: Outstanding performance with minor error.
C29: Note | D29: If the course outcome assessment score is below 3, instructor is strongly recommended to provide program head with a report identifying areas of improvement at the course level and to suggest necessary actions to be undertaken to overcome future challenges when offering this course.

Sheet Course Information
B1: Course Title
B2: Course ID
B3: Semester / Academic Year
B4: Instructor Name
B5: Course Registration Number (CRN) / Section Number
B6: Number of Students
A9: Course Learning Outcome No. | B9: Course Learning Outcome | C9: Correspondent Student Learning Outcome
A10: 1
A11: 2
A12: 3
A13: 4
A14: 5
A15: 6
A16: 7
A17: 8
A18: 9
A19: 10
A20: 11
A21: 12
A23: Students Learning Outcome ID | B23: Student Learning Outcome Statement | C23: Course Related Outcomes
A24: 1 | B24: An ability to apply knowledge, techniques, skills and modern tools of mathematics, science, engineering, and technology to solve broadly-defined engineering problems appropriate to the discipline;
A25: 2 | B25: An ability to design systems, components, or processes meeting specified needs for broadly-defined engineering problems appropriate to the discipline;
A26: 3 | B26: An ability to apply written, oral, and graphical communication in broadly-defined technical and non-technical environments; and an ability to identify and use appropriate technical literature;
A27: 4 | B27: An ability to conduct standard tests, measurements, and experiments and to analyze and interpret the results to improve processes.
A28: 5 | B28: An ability to function effectively as a member as well as a leader on technical teams.
A29: 6 | B29: An ability to apply innovation and entrepreneurship skills to broadly defined engineering applications.
A30: 7
A31: 8
A32: 9
A33: 10
A34: 11
A35: 12
A38: PI # | B38: SO Description | C38: Contribution %
B39: An ability to apply knowledge, techniques, skills and modern tools of mathematics, science, engineering, and technology to solve broadly-defined engineering problems appropriate to the discipline; | C39: If a sub-PI is not contributing to the SO, make sure you place a 0 for its value.
A40: PI 1.a. | B40: Apply knowledge of STEM to solve broadly-defined electromechanical engineering problems appropriate to the discipline | C40: 0.25
A41: PI 1.b. | B41: Apply and techniques of STEM to solve broadly-defined electromechanical engineering problems appropriate to the discipline | C41: 0.25
A42: PI 1.c. | B42: Apply skills of STEM to solve broadly-defined electromechanical engineering problems appropriate to the discipline | C42: 0.25
A43: PI 1.d. | B43: Apply modern tools of STEM to solve broadly-defined electromechanical engineering problems appropriate to the discipline | C43: 0.25
B44: An ability to design systems, components, or processes meeting specified needs for broadly-defined engineering problems appropriate to the discipline;
A45: PI 2.a. | B45: Ability to design systems, components or process meeting specified needs for broadly-defined electromechanical engineering problems. | C45: 0.5
A46: PI 2.b. | B46: Identify the design constraints, establish criteria for acceptability and desirability of solutions, and select the most appropriate solution. | C46: 0.5
B47: An ability to apply written, oral, and graphical communication in broadly-defined technical and non-technical environments; and an ability to identify and use appropriate technical literature;
A48: PI 3.a. | B48: Apply written and graphical communication in broadly-defined technical and non-technical environments. | C48: 0.45
A49: PI 3.b. | B49: Apply oral communication in broadly-defined technical and non-technical environments. | C49: 0.3
A50: PI 3.c. | B50: Identify and use appropriate technical literature. | C50: 0.25
B51: An ability to conduct standard tests, measurements, and experiments and to analyze and interpret the results to improve processes.
A52: PI 4.a. | B52: Conduct standard tests, measurements, and experiments. | C52: 0.65
A53: PI 4.b. | B53: Analyze and interpret the results to improve processes and commit to all aspects of quality management | C53: 0.35
B54: An ability to function effectively as a member as well as a leader on technical teams.
A55: PI 5.a. | B55: Recognize participant roles, work effectively with other team members, and consult/communicate with team members to come-up with decisions in relation to the task in hand. | C55: 0.6
A56: PI 5.b. | B56: Express willingness to take on leadership and ethical responsibilities as a team member and engage in lifelong learning. | C56: 0.4
B57: An ability to apply innovation and entrepreneurship skills to broadly defined engineering applications.
A58: PI 6.a. | B58: Recognize the importance of apply innovative skills in engineering applications. | C58: 0.5
A59: PI 6.b. | B59: Recognize the need for entrepreneurship skills in engineering applications. | C59: 0.5

Sheet Students Names and ID
A1: No. | B1: Student Name | C1: ID
A2: 1
A3: 2
A4: 3
A5: 4
A6: 5
A7: 6
A8: 7
A9: 8
A10: 9
A11: 10
A12: 11
A13: 12
... A41: 40

Sheet Homework
A1: Homework Sheet | B1: CLO # 1
B2: CLO # 2
B3: Grade | C3: 1 | W3: Total | X3: Course Weight
A4: Student Name | B4: ID | C4: HW1 | D4: HW2 | E4: HW3 | F4: HW4 | G4: HW5 | H4: HW6 | I4: HW7 | J4: HW8 | K4: HW9 | L4: HW10 | M4: HW11 | N4: HW12 | O4: HW13 | P4: HW14 | Q4: HW15 | R4: HW16 | S4: HW17 | T4: HW18 | U4: HW19 | V4: HW20 | W4: =SUM(C3:V3) -> 1 | X4: 0
A5: ='Students Names and ID'!B2 -> 0 | B5: ='Students Names and ID'!C2 -> 0 | W5: =SUM(C5:V5) -> 0 | X5: =W5*X$4/W$4 -> 0
A6: ='Students Names and ID'!B3 -> 0 | B6: ='Students Names and ID'!C3 -> 0 | W6: =SUM(C6:V6) -> 0 | X6: =W6*X$4/W$4 -> 0
A7: ='Students Names and ID'!B4 -> 0 | B7: ='Students Names and ID'!C4 -> 0 | W7: =SUM(C7:V7) -> 0 | X7: =W7*X$4/W$4 -> 0
A8: ='Students Names and ID'!B5 -> 0 | B8: ='Students Names and ID'!C5 -> 0 | W8: =SUM(C8:V8) -> 0 | X8: =W8*X$4/W$4 -> 0
A9: ='Students Names and ID'!B6 -> 0 | B9: ='Students Names and ID'!C6 -> 0 | W9: =SUM(C9:V9) -> 0 | X9: =W9*X$4/W$4 -> 0
A10: ='Students Names and ID'!B7 -> 0 | B10: ='Students Names and ID'!C7 -> 0 | W10: =SUM(C10:V10) -> 0 | X10: =W10*X$4/W$4 -> 0
A11: ='Students Names and ID'!B8 -> 0 | B11: ='Students Names and ID'!C8 -> 0 | W11: =SUM(C11:V11) -> 0 | X11: =W11*X$4/W$4 -> 0
A12: ='Students Names and ID'!B9 -> 0 | B12: ='Students Names and ID'!C9 -> 0 | W12: =SUM(C12:V12) -> 0 | X12: =W12*X$4/W$4 -> 0
A13: ='Students Names and ID'!B10 -> 0 | B13: ='Students Names and ID'!C10 -> 0 | W13: =SUM(C13:V13) -> 0 | X13: =W13*X$4/W$4 -> 0
A14: ='Students Names and ID'!B11 -> 0 | B14: ='Students Names and ID'!C11 -> 0 | W14: =SUM(C14:V14) -> 0 | X14: =W14*X$4/W$4 -> 0
A15: ='Students Names and ID'!B12 -> 0 | B15: ='Students Names and ID'!C12 -> 0 | W15: =SUM(C15:V15) -> 0 | X15: =W15*X$4/W$4 -> 0
A16: ='Students Names and ID'!B13 -> 0 | B16: ='Students Names and ID'!C13 -> 0 | W16: =SUM(C16:V16) -> 0 | X16: =W16*X$4/W$4 -> 0
... A44: ='Students Names and ID'!B41 -> 0 | B44: ='Students Names and ID'!C41 -> 0 | W44: =SUM(C44:V44) -> 0 | X44: =W44*X$4/W$4 -> 0
B45: Average | C45: =IF(COUNTBLANK(C5:C44)=40," ",AVERAGE(C5:C44)) | D45: =IF(COUNTBLANK(D5:D44)=40," ",AVERAGE(D5:D44)) | E45: =IF(COUNTBLANK(E5:E44)=40," ",AVERAGE(E5:E44)) | F45: =IF(COUNTBLANK(F5:F44)=40," ",AVERAGE(F5:F44)) | G45: =IF(COUNTBLANK(G5:G44)=40," ",AVERAGE(G5:G44)) | H45: =IF(COUNTBLANK(H5:H44)=40," ",AVERAGE(H5:H44)) | I45: =IF(COUNTBLANK(I5:I44)=40," ",AVERAGE(I5:I44)) | J45: =IF(COUNTBLANK(J5:J44)=40," ",AVERAGE(J5:J44)) | ... V45: =IF(COUNTBLANK(V5:V44)=40," ",AVERAGE(V5:V44)) | W45: =IF(COUNTBLANK(W5:W43)=20," ",AVERAGE(W5:W44)) -> 0 | X45: =IF(COUNTBLANK(X5:X43)=20," ",AVERAGE(X5:X44)) -> 0
B46: Average of 10 | C46: =IF(C45="","",IF(ISERROR(ROUND(C45*10/C3,1))," ",(ROUND(C45*10/C3,1)))) | D46: =IF(D45="","",IF(ISERROR(ROUND(D45*10/D3,1))," ",(ROUND(D45*10/D3,1)))) | E46: =IF(E45="","",IF(ISERROR(ROUND(E45*10/E3,1))," ",(ROUND(E45*10/E3,1)))) | F46: =IF(F45="","",IF(ISERROR(ROUND(F45*10/F3,1))," ",(ROUND(F45*10/F3,1)))) | G46: =IF(G45="","",IF(ISERROR(ROUND(G45*10/G3,1))," ",(ROUND(G45*10/G3,1)))) | H46: =IF(H45="","",IF(ISERROR(ROUND(H45*10/H3,1))," ",(ROUND(H45*10/H3,1)))) | I46: =IF(I45="","",IF(ISERROR(ROUND(I45*10/I3,1))," ",(ROUND(I45*10/I3,1)))) | J46: =IF(J45="","",IF(ISERROR(ROUND(J45*10/J3,1))," ",(ROUND(J45*10/J3,1)))) | ... V46: =IF(V45="","",IF(ISERROR(ROUND(V45*10/V3,1))," ",(ROUND(V45*10/V3,1)))) | W46: =IF(W45="","",IF(ISERROR(ROUND(W45*10/W4,1))," ",(ROUND(W45*10/W4,1)))) -> 0 | X46: =IF(X45="","",IF(ISERROR(ROUND(X45*10/X4,1))," ",(ROUND(X45*10/X4,1))))
B47: ABET Pass Criteria | C47: =COUNTIF(C5:C44,">="&(0.7*C3)) -> 0 | D47: =COUNTIF(D5:D44,">="&(0.7*D3)) -> 0 | E47: =COUNTIF(E5:E44,">="&(0.7*E3)) -> 0 | F47: =COUNTIF(F5:F44,">="&(0.7*F3)) -> 0 | G47: =COUNTIF(G5:G44,">="&(0.7*G3)) -> 0 | H47: =COUNTIF(H5:H44,">="&(0.7*H3)) -> 0 | I47: =COUNTIF(I5:I44,">="&(0.7*I3)) -> 0 | J47: =COUNTIF(J5:J44,">="&(0.7*J3)) -> 0 | ... L47: =COUNTIF(L5:L44,">="&(0.7*L3)) -> 0 | M47: =COUNTIF(M5:M44,">"&(0.75*M3)) -> 0 | N47: =COUNTIF(N5:N44,">"&(0.75*N3)) -> 0 | O47: =COUNTIF(O5:O44,">"&(0.75*O3)) -> 0 | P47: =COUNTIF(P5:P44,">"&(0.75*P3)) -> 0 | Q47: =COUNTIF(Q5:Q44,">"&(0.75*Q3)) -> 0 | R47: =COUNTIF(R5:R44,">"&(0.75*R3)) -> 0 | S47: =COUNTIF(S5:S44,">"&(0.75*S3)) -> 0 | T47: =COUNTIF(T5:T44,">"&(0.75*T3)) -> 0 | ... V47: =COUNTIF(V5:V44,">"&(0.75*V3)) -> 0
C49: =C4 -> HW1 | D49: =D4 -> HW2 | E49: =E4 -> HW3 | F49: =F4 -> HW4 | G49: =G4 -> HW5 | H49: =H4 -> HW6 | I49: =I4 -> HW7 | J49: =J4 -> HW8 | ... L49: =L4 -> HW10
B50: Program PIs | C50: Fill in the colored columns with an 'x' to use the corresponding assessment against the PI | W50: Sum | X50: # of Assesments Included
C51: Do not write in the white columns
B52: PI 1.a | W52: =IF(X52=0,"",SUM(C53:L53)) | X52: =COUNT(C53:L53) -> 0
C53: =IF(C52="x",C$47,"") | D53: =IF(D52="x",D$47,"") | E53: =IF(E52="x",E$47,"") | F53: =IF(F52="x",F$47,"") | G53: =IF(G52="x",G$47,"") | H53: =IF(H52="x",H$47,"") | I53: =IF(I52="x",I$47,"") | J53: =IF(J52="x",J$47,"") | ... L53: =IF(L52="x",L$47,"")
B54: PI 1.b | W54: =IF(X54=0,"",SUM(C55:L55)) | X54: =COUNT(C55:L55) -> 0
C55: =IF(C54="x",C$47,"") | D55: =IF(D54="x",D$47,"") | E55: =IF(E54="x",E$47,"") | F55: =IF(F54="x",F$47,"") | G55: =IF(G54="x",G$47,"") | H55: =IF(H54="x",H$47,"") | I55: =IF(I54="x",I$47,"") | J55: =IF(J54="x",J$47,"") | ... L55: =IF(L54="x",L$47,"")
B56: PI 1.c | W56: =IF(X56=0,"",SUM(C57:L57)) | X56: =COUNT(C57:L57) -> 0
C57: =IF(C56="x",C$47,"") | D57: =IF(D56="x",D$47,"") | E57: =IF(E56="x",E$47,"") | F57: =IF(F56="x",F$47,"") | G57: =IF(G56="x",G$47,"") | H57: =IF(H56="x",H$47,"") | I57: =IF(I56="x",I$47,"") | J57: =IF(J56="x",J$47,"") | ... L57: =IF(L56="x",L$47,"")
B58: PI 1.d | W58: =IF(X58=0,"",SUM(C59:L59)) | X58: =COUNT(C59:L59) -> 0
C59: =IF(C58="x",C$47,"") | D59: =IF(D58="x",D$47,"") | E59: =IF(E58="x",E$47,"") | F59: =IF(F58="x",F$47,"") | G59: =IF(G58="x",G$47,"") | H59: =IF(H58="x",H$47,"") | I59: =IF(I58="x",I$47,"") | J59: =IF(J58="x",J$47,"") | ... L59: =IF(L58="x",L$47,"")
B60: PI 2.a | W60: =IF(X60=0,"",SUM(C61:L61)) | X60: =COUNT(C61:L61) -> 0
C61: =IF(C60="x",C$47,"") | D61: =IF(D60="x",D$47,"") | E61: =IF(E60="x",E$47,"") | F61: =IF(F60="x",F$47,"") | G61: =IF(G60="x",G$47,"") | H61: =IF(H60="x",H$47,"") | I61: =IF(I60="x",I$47,"") | J61: =IF(J60="x",J$47,"") | ... L61: =IF(L60="x",L$47,"")
B62: PI 2.b | W62: =IF(X62=0,"",SUM(C63:L63)) | X62: =COUNT(C63:L63) -> 0
C63: =IF(C62="x",C$47,"") | D63: =IF(D62="x",D$47,"") | E63: =IF(E62="x",E$47,"") | F63: =IF(F62="x",F$47,"") | G63: =IF(G62="x",G$47,"") | H63: =IF(H62="x",H$47,"") | I63: =IF(I62="x",I$47,"") | J63: =IF(J62="x",J$47,"") | ... L63: =IF(L62="x",L$47,"")
B64: PI 3.a | W64: =IF(X64=0,"",SUM(C65:L65)) | X64: =COUNT(C65:L65) -> 0
C65: =IF(C64="x",C$47,"") | D65: =IF(D64="x",D$47,"") | E65: =IF(E64="x",E$47,"") | F65: =IF(F64="x",F$47,"") | G65: =IF(G64="x",G$47,"") | H65: =IF(H64="x",H$47,"") | I65: =IF(I64="x",I$47,"") | J65: =IF(J64="x",J$47,"") | ... L65: =IF(L64="x",L$47,"")
B66: PI 3.b | W66: =IF(X66=0,"",SUM(C67:L67)) | X66: =COUNT(C67:L67) -> 0
C67: =IF(C66="x",C$47,"") | D67: =IF(D66="x",D$47,"") | E67: =IF(E66="x",E$47,"") | F67: =IF(F66="x",F$47,"") | G67: =IF(G66="x",G$47,"") | H67: =IF(H66="x",H$47,"") | I67: =IF(I66="x",I$47,"") | J67: =IF(J66="x",J$47,"") | ... L67: =IF(L66="x",L$47,"")
B68: PI 3.c | W68: =IF(X68=0,"",SUM(C69:L69)) | X68: =COUNT(C69:L69) -> 0
C69: =IF(C68="x",C$47,"") | D69: =IF(D68="x",D$47,"") | E69: =IF(E68="x",E$47,"") | F69: =IF(F68="x",F$47,"") | G69: =IF(G68="x",G$47,"") | H69: =IF(H68="x",H$47,"") | I69: =IF(I68="x",I$47,"") | J69: =IF(J68="x",J$47,"") | ... L69: =IF(L68="x",L$47,"")
B70: PI 4.a | W70: =IF(X70=0,"",SUM(C71:L71)) | X70: =COUNT(C71:L71) -> 0
C71: =IF(C70="x",C$47,"") | D71: =IF(D70="x",D$47,"") | E71: =IF(E70="x",E$47,"") | F71: =IF(F70="x",F$47,"") | G71: =IF(G70="x",G$47,"") | H71: =IF(H70="x",H$47,"") | I71: =IF(I70="x",I$47,"") | J71: =IF(J70="x",J$47,"") | ... L71: =IF(L70="x",L$47,"")
B72: PI 4.b | W72: =IF(X72=0,"",SUM(C73:L73)) | X72: =COUNT(C73:L73) -> 0
C73: =IF(C72="x",C$47,"") | D73: =IF(D72="x",D$47,"") | E73: =IF(E72="x",E$47,"") | F73: =IF(F72="x",F$47,"") | G73: =IF(G72="x",G$47,"") | H73: =IF(H72="x",H$47,"") | I73: =IF(I72="x",I$47,"") | J73: =IF(J72="x",J$47,"") | ... L73: =IF(L72="x",L$47,"")
B74: PI 5.a | W74: =IF(X74=0,"",SUM(C75:L75)) | X74: =COUNT(C75:L75) -> 0
C75: =IF(C74="x",C$47,"") | D75: =IF(D74="x",D$47,"") | E75: =IF(E74="x",E$47,"") | F75: =IF(F74="x",F$47,"") | G75: =IF(G74="x",G$47,"") | H75: =IF(H74="x",H$47,"") | I75: =IF(I74="x",I$47,"") | J75: =IF(J74="x",J$47,"") | ... L75: =IF(L74="x",L$47,"")
B76: PI 5.b | W76: =IF(X76=0,"",SUM(C77:L77)) | X76: =COUNT(C77:L77) -> 0
C77: =IF(C76="x",C$47,"") | D77: =IF(D76="x",D$47,"") | E77: =IF(E76="x",E$47,"") | F77: =IF(F76="x",F$47,"") | G77: =IF(G76="x",G$47,"") | H77: =IF(H76="x",H$47,"") | I77: =IF(I76="x",I$47,"") | J77: =IF(J76="x",J$47,"") | ... L77: =IF(L76="x",L$47,"")
B78: PI 6.a | W78: =IF(X78=0,"",SUM(C79:L79)) | X78: =COUNT(C79:L79) -> 0
C79: =IF(C78="x",C$47,"") | D79: =IF(D78="x",D$47,"") | E79: =IF(E78="x",E$47,"") | F79: =IF(F78="x",F$47,"") | G79: =IF(G78="x",G$47,"") | H79: =IF(H78="x",H$47,"") | I79: =IF(I78="x",I$47,"") | J79: =IF(J78="x",J$47,"") | ... L79: =IF(L78="x",L$47,"")
B80: PI 6.b | W80: =IF(X80=0,"",SUM(C81:L81)) | X80: =COUNT(C81:L81) -> 0
C81: =IF(C80="x",C$47,"") | D81: =IF(D80="x",D$47,"") | E81: =IF(E80="x",E$47,"") | F81: =IF(F80="x",F$47,"") | G81: =IF(G80="x",G$47,"") | H81: =IF(H80="x",H$47,"") | I81: =IF(I80="x",I$47,"") | J81: =IF(J80="x",J$47,"") | ... L81: =IF(L80="x",L$47,"")

Sheet Quizzes
A1: Quizzes sheet | B1: CLO # 1
B2: CLO # 2
B3: Grade | C3: 1 | R3: Total | S3: Course Weight
A4: Student Name | B4: ID | C4: Quiz 1 | D4: Quiz 2 | E4: Quiz 3 | F4: Quiz 4 | G4: Quiz 5 | H4: Quiz 6 | I4: Quiz 7 | J4: Quiz 8 | K4: Quiz 9 | L4: Quiz 10 | M4: Quiz 11 | N4: Quiz 12 | O4: Quiz 13 | P4: Quiz 14 | Q4: Quiz 15 | R4: =SUM(C3:M3) -> 1 | S4: 0
A5: ='Students Names and ID'!B2 -> 0 | B5: ='Students Names and ID'!C2 -> 0 | R5: =SUM(C5:Q5) -> 0 | S5: =R5*S$4/R$4 -> 0
A6: ='Students Names and ID'!B3 -> 0 | B6: ='Students Names and ID'!C3 -> 0 | R6: =SUM(C6:Q6) -> 0 | S6: =R6*S$4/R$4 -> 0
A7: ='Students Names and ID'!B4 -> 0 | B7: ='Students Names and ID'!C4 -> 0 | R7: =SUM(C7:Q7) -> 0 | S7: =R7*S$4/R$4 -> 0
A8: ='Students Names and ID'!B5 -> 0 | B8: ='Students Names and ID'!C5 -> 0 | R8: =SUM(C8:Q8) -> 0 | S8: =R8*S$4/R$4 -> 0
A9: ='Students Names and ID'!B6 -> 0 | B9: ='Students Names and ID'!C6 -> 0 | R9: =SUM(C9:Q9) -> 0 | S9: =R9*S$4/R$4 -> 0
A10: ='Students Names and ID'!B7 -> 0 | B10: ='Students Names and ID'!C7 -> 0 | R10: =SUM(C10:Q10) -> 0 | S10: =R10*S$4/R$4 -> 0
A11: ='Students Names and ID'!B8 -> 0 | B11: ='Students Names and ID'!C8 -> 0 | R11: =SUM(C11:Q11) -> 0 | S11: =R11*S$4/R$4 -> 0
A12: ='Students Names and ID'!B9 -> 0 | B12: ='Students Names and ID'!C9 -> 0 | R12: =SUM(C12:Q12) -> 0 | S12: =R12*S$4/R$4 -> 0
A13: ='Students Names and ID'!B10 -> 0 | B13: ='Students Names and ID'!C10 -> 0 | R13: =SUM(C13:Q13) -> 0 | S13: =R13*S$4/R$4 -> 0
A14: ='Students Names and ID'!B11 -> 0 | B14: ='Students Names and ID'!C11 -> 0 | R14: =SUM(C14:Q14) -> 0 | S14: =R14*S$4/R$4 -> 0
A15: ='Students Names and ID'!B12 -> 0 | B15: ='Students Names and ID'!C12 -> 0 | R15: =SUM(C15:Q15) -> 0 | S15: =R15*S$4/R$4 -> 0
A16: ='Students Names and ID'!B13 -> 0 | B16: ='Students Names and ID'!C13 -> 0 | R16: =SUM(C16:Q16) -> 0 | S16: =R16*S$4/R$4 -> 0
... A44: ='Students Names and ID'!B41 -> 0 | B44: ='Students Names and ID'!C41 -> 0 | R44: =SUM(C44:Q44) -> 0 | S44: =R44*S$4/R$4 -> 0
B45: Average | C45: =IF(COUNTBLANK(C5:C44)=40," ",AVERAGE(C5:C44)) | D45: =IF(COUNTBLANK(D5:D44)=40," ",AVERAGE(D5:D44)) | E45: =IF(COUNTBLANK(E5:E44)=40," ",AVERAGE(E5:E44)) | F45: =IF(COUNTBLANK(F5:F44)=40," ",AVERAGE(F5:F44)) | G45: =IF(COUNTBLANK(G5:G44)=40," ",AVERAGE(G5:G44)) | H45: =IF(COUNTBLANK(H5:H44)=40," ",AVERAGE(H5:H44)) | I45: =IF(COUNTBLANK(I5:I44)=40," ",AVERAGE(I5:I44)) | J45: =IF(COUNTBLANK(J5:J44)=40," ",AVERAGE(J5:J44)) | ... S45: =IF(COUNTBLANK(S5:S44)=40," ",AVERAGE(S5:S44)) -> 0
B46: Average of 10 | C46: =IF(C45="","",IF(ISERROR(ROUND(C45*10/C3,1))," ",(ROUND(C45*10/C3,1)))) | D46: =IF(D45="","",IF(ISERROR(ROUND(D45*10/D3,1))," ",(ROUND(D45*10/D3,1)))) | E46: =IF(E45="","",IF(ISERROR(ROUND(E45*10/E3,1))," ",(ROUND(E45*10/E3,1)))) | F46: =IF(F45="","",IF(ISERROR(ROUND(F45*10/F3,1))," ",(ROUND(F45*10/F3,1)))) | G46: =IF(G45="","",IF(ISERROR(ROUND(G45*10/G3,1))," ",(ROUND(G45*10/G3,1)))) | H46: =IF(H45="","",IF(ISERROR(ROUND(H45*10/H3,1))," ",(ROUND(H45*10/H3,1)))) | I46: =IF(I45="","",IF(ISERROR(ROUND(I45*10/I3,1))," ",(ROUND(I45*10/I3,1)))) | J46: =IF(J45="","",IF(ISERROR(ROUND(J45*10/J3,1))," ",(ROUND(J45*10/J3,1)))) | ... Q46: =IF(Q45="","",IF(ISERROR(ROUND(Q45*10/Q3,1))," ",(ROUND(Q45*10/Q3,1)))) | R46: =IF(R45="","",IF(ISERROR(ROUND(R45*10/R4,1))," ",(ROUND(R45*10/R4,1)))) -> 0 | S46: =IF(S45="","",IF(ISERROR(ROUND(S45*10/S4,1))," ",(ROUND(S45*10/S4,1))))
B47: ABET Pass Criteria | C47: =COUNTIF(C5:C44,">="&(0.7*C3)) -> 0 | D47: =COUNTIF(D5:D44,">="&(0.7*D3)) -> 0 | E47: =COUNTIF(E5:E44,">="&(0.7*E3)) -> 0 | F47: =COUNTIF(F5:F44,">="&(0.7*F3)) -> 0 | G47: =COUNTIF(G5:G44,">="&(0.7*G3)) -> 0 | H47: =COUNTIF(H5:H44,">="&(0.7*H3)) -> 0 | I47: =COUNTIF(I5:I44,">="&(0.7*I3)) -> 0 | J47: =COUNTIF(J5:J44,">="&(0.7*J3)) -> 0 | ... L47: =COUNTIF(L5:L44,">="&(0.7*L3)) -> 0 | M47: =COUNTIF(M5:M44,">"&(0.75*M3)) -> 0 | N47: =COUNTIF(N5:N44,">"&(0.75*N3)) -> 0 | O47: =COUNTIF(O5:O44,">"&(0.75*O3)) -> 0 | P47: =COUNTIF(P5:P44,">"&(0.75*P3)) -> 0 | Q47: =COUNTIF(Q5:Q44,">"&(0.75*Q3)) -> 0
C49: =C4 -> Quiz 1 | D49: =D4 -> Quiz 2 | E49: =E4 -> Quiz 3 | F49: =F4 -> Quiz 4 | G49: =G4 -> Quiz 5 | H49: =H4 -> Quiz 6 | I49: =I4 -> Quiz 7 | J49: =J4 -> Quiz 8 | ... L49: =L4 -> Quiz 10
B50: Program PIs | C50: Fill in the colored columns with an 'x' to use the corresponding assessment against the PI | R50: Sum | S50: # of Assesments Included
C51: Do not write in the white columns
B52: PI 1.a | R52: =IF(S52=0,"",SUM(C53:L53)) | S52: =COUNT(C53:L53) -> 0
C53: =IF(C52="x",C47,"") | D53: =IF(D52="x",D47,"") | E53: =IF(E52="x",E47,"") | F53: =IF(F52="x",F47,"") | G53: =IF(G52="x",G47,"") | H53: =IF(H52="x",H47,"") | I53: =IF(I52="x",I47,"") | J53: =IF(J52="x",J47,"") | ... L53: =IF(L52="x",L47,"")
B54: PI 1.b | R54: =IF(S54=0,"",SUM(C55:L55)) | S54: =COUNT(C55:L55) -> 0
C55: =IF(C54="x",C47,"") | D55: =IF(D54="x",D47,"") | E55: =IF(E54="x",E47,"") | F55: =IF(F54="x",F47,"") | G55: =IF(G54="x",G47,"") | H55: =IF(H54="x",H47,"") | I55: =IF(I54="x",I47,"") | J55: =IF(J54="x",J47,"") | ... L55: =IF(L54="x",L47,"")
B56: PI 1.c | R56: =IF(S56=0,"",SUM(C57:L57)) | S56: =COUNT(C57:L57) -> 0
C57: =IF(C56="x",C47,"") | D57: =IF(D56="x",D47,"") | E57: =IF(E56="x",E47,"") | F57: =IF(F56="x",F47,"") | G57: =IF(G56="x",G47,"") | H57: =IF(H56="x",H47,"") | I57: =IF(I56="x",I47,"") | J57: =IF(J56="x",J47,"") | ... L57: =IF(L56="x",L47,"")
B58: PI 1.d | R58: =IF(S58=0,"",SUM(C59:L59)) | S58: =COUNT(C59:L59) -> 0
C59: =IF(C58="x",C47,"") | D59: =IF(D58="x",D47,"") | E59: =IF(E58="x",E47,"") | F59: =IF(F58="x",F47,"") | G59: =IF(G58="x",G47,"") | H59: =IF(H58="x",H47,"") | I59: =IF(I58="x",I47,"") | J59: =IF(J58="x",J47,"") | ... L59: =IF(L58="x",L47,"")
B60: PI 2.a | R60: =IF(S60=0,"",SUM(C61:L61)) | S60: =COUNT(C61:L61) -> 0
C61: =IF(C60="x",C47,"") | D61: =IF(D60="x",D47,"") | E61: =IF(E60="x",E47,"") | F61: =IF(F60="x",F47,"") | G61: =IF(G60="x",G47,"") | H61: =IF(H60="x",H47,"") | I61: =IF(I60="x",I47,"") | J61: =IF(J60="x",J47,"") | ... L61: =IF(L60="x",L47,"")
B62: PI 2.b | R62: =IF(S62=0,"",SUM(C63:L63)) | S62: =COUNT(C63:L63) -> 0
C63: =IF(C62="x",C47,"") | D63: =IF(D62="x",D47,"") | E63: =IF(E62="x",E47,"") | F63: =IF(F62="x",F47,"") | G63: =IF(G62="x",G47,"") | H63: =IF(H62="x",H47,"") | I63: =IF(I62="x",I47,"") | J63: =IF(J62="x",J47,"") | ... L63: =IF(L62="x",L47,"")
B64: PI 3.a | R64: =IF(S64=0,"",SUM(C65:L65)) | S64: =COUNT(C65:L65) -> 0
C65: =IF(C64="x",C47,"") | D65: =IF(D64="x",D47,"") | E65: =IF(E64="x",E47,"") | F65: =IF(F64="x",F47,"") | G65: =IF(G64="x",G47,"") | H65: =IF(H64="x",H47,"") | I65: =IF(I64="x",I47,"") | J65: =IF(J64="x",J47,"") | ... L65: =IF(L64="x",L47,"")
B66: PI 3.b | R66: =IF(S66=0,"",SUM(C67:L67)) | S66: =COUNT(C67:L67) -> 0
C67: =IF(C66="x",C47,"") | D67: =IF(D66="x",D47,"") | E67: =IF(E66="x",E47,"") | F67: =IF(F66="x",F47,"") | G67: =IF(G66="x",G47,"") | H67: =IF(H66="x",H47,"") | I67: =IF(I66="x",I47,"") | J67: =IF(J66="x",J47,"") | ... L67: =IF(L66="x",L47,"")
B68: PI 3.c | R68: =IF(S68=0,"",SUM(C69:L69)) | S68: =COUNT(C69:L69) -> 0
C69: =IF(C68="x",C47,"") | D69: =IF(D68="x",D47,"") | E69: =IF(E68="x",E47,"") | F69: =IF(F68="x",F47,"") | G69: =IF(G68="x",G47,"") | H69: =IF(H68="x",H47,"") | I69: =IF(I68="x",I47,"") | J69: =IF(J68="x",J47,"") | ... L69: =IF(L68="x",L47,"")
B70: PI 4.a | R70: =IF(S70=0,"",SUM(C71:L71)) | S70: =COUNT(C71:L71) -> 0
C71: =IF(C70="x",C47,"") | D71: =IF(D70="x",D47,"") | E71: =IF(E70="x",E47,"") | F71: =IF(F70="x",F47,"") | G71: =IF(G70="x",G47,"") | H71: =IF(H70="x",H47,"") | I71: =IF(I70="x",I47,"") | J71: =IF(J70="x",J47,"") | ... L71: =IF(L70="x",L47,"")
B72: PI 4.b | R72: =IF(S72=0,"",SUM(C73:L73)) | S72: =COUNT(C73:L73) -> 0
C73: =IF(C72="x",C47,"") | D73: =IF(D72="x",D47,"") | E73: =IF(E72="x",E47,"") | F73: =IF(F72="x",F47,"") | G73: =IF(G72="x",G47,"") | H73: =IF(H72="x",H47,"") | I73: =IF(I72="x",I47,"") | J73: =IF(J72="x",J47,"") | ... L73: =IF(L72="x",L47,"")
B74: PI 5.a | R74: =IF(S74=0,"",SUM(C75:L75)) | S74: =COUNT(C75:L75) -> 0
C75: =IF(C74="x",C47,"") | D75: =IF(D74="x",D47,"") | E75: =IF(E74="x",E47,"") | F75: =IF(F74="x",F47,"") | G75: =IF(G74="x",G47,"") | H75: =IF(H74="x",H47,"") | I75: =IF(I74="x",I47,"") | J75: =IF(J74="x",J47,"") | ... L75: =IF(L74="x",L47,"")
B76: PI 5.b | R76: =IF(S76=0,"",SUM(C77:L77)) | S76: =COUNT(C77:L77) -> 0
C77: =IF(C76="x",C47,"") | D77: =IF(D76="x",D47,"") | E77: =IF(E76="x",E47,"") | F77: =IF(F76="x",F47,"") | G77: =IF(G76="x",G47,"") | H77: =IF(H76="x",H47,"") | I77: =IF(I76="x",I47,"") | J77: =IF(J76="x",J47,"") | ... L77: =IF(L76="x",L47,"")
B78: PI 6.a | R78: =IF(S78=0,"",SUM(C79:L79)) | S78: =COUNT(C79:L79) -> 0
C79: =IF(C78="x",C47,"") | D79: =IF(D78="x",D47,"") | E79: =IF(E78="x",E47,"") | F79: =IF(F78="x",F47,"") | G79: =IF(G78="x",G47,"") | H79: =IF(H78="x",H47,"") | I79: =IF(I78="x",I47,"") | J79: =IF(J78="x",J47,"") | ... L79: =IF(L78="x",L47,"")
B80: PI 6.b | R80: =IF(S80=0,"",SUM(C81:L81)) | S80: =COUNT(C81:L81) -> 0
C81: =IF(C80="x",C47,"") | D81: =IF(D80="x",D47,"") | E81: =IF(E80="x",E47,"") | F81: =IF(F80="x",F47,"") | G81: =IF(G80="x",G47,"") | H81: =IF(H80="x",H47,"") | I81: =IF(I80="x",I47,"") | J81: =IF(J80="x",J47,"") | ... L81: =IF(L80="x",L47,"")

Sheet Laboratory
A1: Laboratory Sheet | B1: CLO # 1
B2: CLO # 2
B3: Grade | C3: 1 | Q3: Total Excluding Lab Final | R3: Course Weight ( including Lab final)
A4: Student Name | B4: ID | C4: Lab 1 | D4: Lab 2 | E4: Lab 3 | F4: Lab 4 | G4: Lab 5 | H4: Lab 6 | I4: Lab 7 | J4: Lab 8 | K4: Lab 9 | L4: Lab 10 | M4: Lab 7 | N4: Lab 8 | O4: Lab 9 | P4: Lab 10 | Q4: =SUM(C3:P3) -> 1 | R4: 0
A5: ='Students Names and ID'!B2 -> 0 | B5: ='Students Names and ID'!C2 -> 0 | Q5: =SUM(C5:P5) -> 0 | R5: =(Q5*R$4/Q$4) +'Laboratory Final'!N5 -> 0
A6: ='Students Names and ID'!B3 -> 0 | B6: ='Students Names and ID'!C3 -> 0 | Q6: =SUM(C6:P6) -> 0 | R6: =(Q6*R$4/Q$4) +'Laboratory Final'!N6 -> 0
A7: ='Students Names and ID'!B4 -> 0 | B7: ='Students Names and ID'!C4 -> 0 | Q7: =SUM(C7:P7) -> 0 | R7: =(Q7*R$4/Q$4) +'Laboratory Final'!N7 -> 0
A8: ='Students Names and ID'!B5 -> 0 | B8: ='Students Names and ID'!C5 -> 0 | Q8: =SUM(C8:P8) -> 0 | R8: =(Q8*R$4/Q$4) +'Laboratory Final'!N8 -> 0
A9: ='Students Names and ID'!B6 -> 0 | B9: ='Students Names and ID'!C6 -> 0 | Q9: =SUM(C9:P9) -> 0 | R9: =(Q9*R$4/Q$4) +'Laboratory Final'!N9 -> 0
A10: ='Students Names and ID'!B7 -> 0 | B10: ='Students Names and ID'!C7 -> 0 | Q10: =SUM(C10:P10) -> 0 | R10: =(Q10*R$4/Q$4) +'Laboratory Final'!N10 -> 0
A11: ='Students Names and ID'!B8 -> 0 | B11: ='Students Names and ID'!C8 -> 0 | Q11: =SUM(C11:P11) -> 0 | R11: =(Q11*R$4/Q$4) +'Laboratory Final'!N11 -> 0
A12: ='Students Names and ID'!B9 -> 0 | B12: ='Students Names and ID'!C9 -> 0 | Q12: =SUM(C12:P12) -> 0 | R12: =(Q12*R$4/Q$4) +'Laboratory Final'!N12 -> 0
A13: ='Students Names and ID'!B10 -> 0 | B13: ='Students Names and ID'!C10 -> 0 | Q13: =SUM(C13:P13) -> 0 | R13: =(Q13*R$4/Q$4) +'Laboratory Final'!N13 -> 0
A14: ='Students Names and ID'!B11 -> 0 | B14: ='Students Names and ID'!C11 -> 0 | Q14: =SUM(C14:P14) -> 0 | R14: =(Q14*R$4/Q$4) +'Laboratory Final'!N14 -> 0
A15: ='Students Names and ID'!B12 -> 0 | B15: ='Students Names and ID'!C12 -> 0 | Q15: =SUM(C15:P15) -> 0 | R15: =(Q15*R$4/Q$4) +'Laboratory Final'!N15 -> 0
A16: ='Students Names and ID'!B13 -> 0 | B16: ='Students Names and ID'!C13 -> 0 | Q16: =SUM(C16:P16) -> 0 | R16: =(Q16*R$4/Q$4) +'Laboratory Final'!N16 -> 0
... A44: ='Students Names and ID'!B41 -> 0 | B44: ='Students Names and ID'!C41 -> 0 | Q44: =SUM(C44:P44) -> 0 | R44: =(Q44*R$4/Q$4) +'Laboratory Final'!N44 -> 0
B45: Average | C45: =IF(COUNTBLANK(C5:C44)=40," ",AVERAGE(C5:C44)) | D45: =IF(COUNTBLANK(D5:D44)=40," ",AVERAGE(D5:D44)) | E45: =IF(COUNTBLANK(E5:E44)=40," ",AVERAGE(E5:E44)) | F45: =IF(COUNTBLANK(F5:F44)=40," ",AVERAGE(F5:F44)) | G45: =IF(COUNTBLANK(G5:G44)=40," ",AVERAGE(G5:G44)) | H45: =IF(COUNTBLANK(H5:H44)=40," ",AVERAGE(H5:H44)) | I45: =IF(COUNTBLANK(I5:I44)=40," ",AVERAGE(I5:I44)) | J45: =IF(COUNTBLANK(J5:J44)=40," ",AVERAGE(J5:J44)) | ... R45: =IF(COUNTBLANK(R5:R44)=40," ",AVERAGE(R5:R44)) -> 0
B46: Average of 10 | C46: =IF(C45="","",IF(ISERROR(ROUND(C45*10/C3,1))," ",(ROUND(C45*10/C3,1)))) | D46: =IF(D45="","",IF(ISERROR(ROUND(D45*10/D3,1))," ",(ROUND(D45*10/D3,1)))) | E46: =IF(E45="","",IF(ISERROR(ROUND(E45*10/E3,1))," ",(ROUND(E45*10/E3,1)))) | F46: =IF(F45="","",IF(ISERROR(ROUND(F45*10/F3,1))," ",(ROUND(F45*10/F3,1)))) | G46: =IF(G45="","",IF(ISERROR(ROUND(G45*10/G3,1))," ",(ROUND(G45*10/G3,1)))) | H46: =IF(H45="","",IF(ISERROR(ROUND(H45*10/H3,1))," ",(ROUND(H45*10/H3,1)))) | I46: =IF(I45="","",IF(ISERROR(ROUND(I45*10/I3,1))," ",(ROUND(I45*10/I3,1)))) | J46: =IF(J45="","",IF(ISERROR(ROUND(J45*10/J3,1))," ",(ROUND(J45*10/J3,1)))) | ... P46: =IF(P45="","",IF(ISERROR(ROUND(P45*10/P3,1))," ",(ROUND(P45*10/P3,1)))) | Q46: =IF(Q45="","",IF(ISERROR(ROUND(Q45*10/Q4,1))," ",(ROUND(Q45*10/Q4,1)))) -> 0 | R46: =IF(R45="","",IF(ISERROR(ROUND(R45*10/R4,1))," ",(ROUND(R45*10/R4,1))))
B47: ABET Pass Criteria | C47: =COUNTIF(C5:C44,">="&(0.7*C3)) -> 0 | D47: =COUNTIF(D5:D44,">="&(0.7*D3)) -> 0 | E47: =COUNTIF(E5:E44,">="&(0.7*E3)) -> 0 | F47: =COUNTIF(F5:F44,">="&(0.7*F3)) -> 0 | G47: =COUNTIF(G5:G44,">="&(0.7*G3)) -> 0 | H47: =COUNTIF(H5:H44,">="&(0.7*H3)) -> 0 | I47: =COUNTIF(I5:I44,">="&(0.7*I3)) -> 0 | J47: =COUNTIF(J5:J44,">="&(0.7*J3)) -> 0 | ... L47: =COUNTIF(L5:L44,">="&(0.7*L3)) -> 0 | M47: =COUNTIF(M5:M44,">"&(0.75*M3)) -> 0 | N47: =COUNTIF(N5:N44,">"&(0.75*N3)) -> 0 | O47: =COUNTIF(O5:O44,">"&(0.75*O3)) -> 0 | P47: =COUNTIF(P5:P44,">"&(0.75*P3)) -> 0
C49: =C4 -> Lab 1 | D49: =D4 -> Lab 2 | E49: =E4 -> Lab 3 | F49: =F4 -> Lab 4 | G49: =G4 -> Lab 5 | H49: =H4 -> Lab 6 | I49: =I4 -> Lab 7 | J49: =J4 -> Lab 8 | ... L49: =L4 -> Lab 10
B50: Program PIs | C50: Fill in the colored columns with an 'x' to use the corresponding assessment against the PI | Q50: Sum | R50: # of Assesments Included
C51: Do not write in the white columns
B52: PI 1.a | Q52: =IF(R52=0,"",SUM(C53:L53)) | R52: =COUNT(C53:L53) -> 0
C53: =IF(C52="x",C47,"") | D53: =IF(D52="x",D47,"") | E53: =IF(E52="x",E47,"") | F53: =IF(F52="x",F47,"") | G53: =IF(G52="x",G47,"") | H53: =IF(H52="x",H47,"") | I53: =IF(I52="x",I47,"") | J53: =IF(J52="x",J47,"") | ... L53: =IF(L52="x",L47,"")
B54: PI 1.b | Q54: =IF(R54=0,"",SUM(C55:L55)) | R54: =COUNT(C55:L55) -> 0
C55: =IF(C54="x",C47,"") | D55: =IF(D54="x",D47,"") | E55: =IF(E54="x",E47,"") | F55: =IF(F54="x",F47,"") | G55: =IF(G54="x",G47,"") | H55: =IF(H54="x",H47,"") | I55: =IF(I54="x",I47,"") | J55: =IF(J54="x",J47,"") | ... L55: =IF(L54="x",L47,"")
B56: PI 1.c | Q56: =IF(R56=0,"",SUM(C57:L57)) | R56: =COUNT(C57:L57) -> 0
C57: =IF(C56="x",C47,"") | D57: =IF(D56="x",D47,"") | E57: =IF(E56="x",E47,"") | F57: =IF(F56="x",F47,"") | G57: =IF(G56="x",G47,"") | H57: =IF(H56="x",H47,"") | I57: =IF(I56="x",I47,"") | J57: =IF(J56="x",J47,"") | ... L57: =IF(L56="x",L47,"")
B58: PI 1.d | Q58: =IF(R58=0,"",SUM(C59:L59)) | R58: =COUNT(C59:L59) -> 0
C59: =IF(C58="x",C47,"") | D59: =IF(D58="x",D47,"") | E59: =IF(E58="x",E47,"") | F59: =IF(F58="x",F47,"") | G59: =IF(G58="x",G47,"") | H59: =IF(H58="x",H47,"") | I59: =IF(I58="x",I47,"") | J59: =IF(J58="x",J47,"") | ... L59: =IF(L58="x",L47,"")
B60: PI 2.a | Q60: =IF(R60=0,"",SUM(C61:L61)) | R60: =COUNT(C61:L61) -> 0
C61: =IF(C60="x",C47,"") | D61: =IF(D60="x",D47,"") | E61: =IF(E60="x",E47,"") | F61: =IF(F60="x",F47,"") | G61: =IF(G60="x",G47,"") | H61: =IF(H60="x",H47,"") | I61: =IF(I60="x",I47,"") | J61: =IF(J60="x",J47,"") | ... L61: =IF(L60="x",L47,"")
B62: PI 2.b | Q62: =IF(R62=0,"",SUM(C63:L63)) | R62: =COUNT(C63:L63) -> 0
C63: =IF(C62="x",C47,"") | D63: =IF(D62="x",D47,"") | E63: =IF(E62="x",E47,"") | F63: =IF(F62="x",F47,"") | G63: =IF(G62="x",G47,"") | H63: =IF(H62="x",H47,"") | I63: =IF(I62="x",I47,"") | J63: =IF(J62="x",J47,"") | ... L63: =IF(L62="x",L47,"")
B64: PI 3.a | Q64: =IF(R64=0,"",SUM(C65:L65)) | R64: =COUNT(C65:L65) -> 0
C65: =IF(C64="x",C47,"") | D65: =IF(D64="x",D47,"") | E65: =IF(E64="x",E47,"") | F65: =IF(F64="x",F47,"") | G65: =IF(G64="x",G47,"") | H65: =IF(H64="x",H47,"") | I65: =IF(I64="x",I47,"") | J65: =IF(J64="x",J47,"") | ... L65: =IF(L64="x",L47,"")
B66: PI 3.b | Q66: =IF(R66=0,"",SUM(C67:L67)) | R66: =COUNT(C67:L67) -> 0
C67: =IF(C66="x",C47,"") | D67: =IF(D66="x",D47,"") | E67: =IF(E66="x",E47,"") | F67: =IF(F66="x",F47,"") | G67: =IF(G66="x",G47,"") | H67: =IF(H66="x",H47,"") | I67: =IF(I66="x",I47,"") | J67: =IF(J66="x",J47,"") | ... L67: =IF(L66="x",L47,"")
B68: PI 3.c | Q68: =IF(R68=0,"",SUM(C69:L69)) | R68: =COUNT(C69:L69) -> 0
C69: =IF(C68="x",C47,"") | D69: =IF(D68="x",D47,"") | E69: =IF(E68="x",E47,"") | F69: =IF(F68="x",F47,"") | G69: =IF(G68="x",G47,"") | H69: =IF(H68="x",H47,"") | I69: =IF(I68="x",I47,"") | J69: =IF(J68="x",J47,"") | ... L69: =IF(L68="x",L47,"")
B70: PI 4.a | Q70: =IF(R70=0,"",SUM(C71:L71)) | R70: =COUNT(C71:L71) -> 0
C71: =IF(C70="x",C47,"") | D71: =IF(D70="x",D47,"") | E71: =IF(E70="x",E47,"") | F71: =IF(F70="x",F47,"") | G71: =IF(G70="x",G47,"") | H71: =IF(H70="x",H47,"") | I71: =IF(I70="x",I47,"") | J71: =IF(J70="x",J47,"") | ... L71: =IF(L70="x",L47,"")
B72: PI 4.b | Q72: =IF(R72=0,"",SUM(C73:L73)) | R72: =COUNT(C73:L73) -> 0
C73: =IF(C72="x",C47,"") | D73: =IF(D72="x",D47,"") | E73: =IF(E72="x",E47,"") | F73: =IF(F72="x",F47,"") | G73: =IF(G72="x",G47,"") | H73: =IF(H72="x",H47,"") | I73: =IF(I72="x",I47,"") | J73: =IF(J72="x",J47,"") | ... L73: =IF(L72="x",L47,"")
B74: PI 5.a | Q74: =IF(R74=0,"",SUM(C75:L75)) | R74: =COUNT(C75:L75) -> 0
C75: =IF(C74="x",C47,"") | D75: =IF(D74="x",D47,"") | E75: =IF(E74="x",E47,"") | F75: =IF(F74="x",F47,"") | G75: =IF(G74="x",G47,"") | H75: =IF(H74="x",H47,"") | I75: =IF(I74="x",I47,"") | J75: =IF(J74="x",J47,"") | ... L75: =IF(L74="x",L47,"")
B76: PI 5.b | Q76: =IF(R76=0,"",SUM(C77:L77)) | R76: =COUNT(C77:L77) -> 0
C77: =IF(C76="x",C47,"") | D77: =IF(D76="x",D47,"") | E77: =IF(E76="x",E47,"") | F77: =IF(F76="x",F47,"") | G77: =IF(G76="x",G47,"") | H77: =IF(H76="x",H47,"") | I77: =IF(I76="x",I47,"") | J77: =IF(J76="x",J47,"") | ... L77: =IF(L76="x",L47,"")
B78: PI 6.a | Q78: =IF(R78=0,"",SUM(C79:L79)) | R78: =COUNT(C79:L79) -> 0
C79: =IF(C78="x",C47,"") | D79: =IF(D78="x",D47,"") | E79: =IF(E78="x",E47,"") | F79: =IF(F78="x",F47,"") | G79: =IF(G78="x",G47,"") | H79: =IF(H78="x",H47,"") | I79: =IF(I78="x",I47,"") | J79: =IF(J78="x",J47,"") | ... L79: =IF(L78="x",L47,"")
B80: PI 6.b | Q80: =IF(R80=0,"",SUM(C81:L81)) | R80: =COUNT(C81:L81) -> 0
C81: =IF(C80="x",C47,"") | D81: =IF(D80="x",D47,"") | E81: =IF(E80="x",E47,"") | F81: =IF(F80="x",F47,"") | G81: =IF(G80="x",G47,"") | H81: =IF(H80="x",H47,"") | I81: =IF(I80="x",I47,"") | J81: =IF(J80="x",J47,"") | ... L81: =IF(L80="x",L47,"")

Sheet Laboratory Final
A1: Laboratory Final - Sheet | B1: CLO # 1 | M1: Enter the lab final percent in cell N2 (e.g. 20, 30, 50, etc..)
B2: CLO # 2 | M2: Lab Final Percent:
B3: Grade | C3: 1 | M3: Total | N3: Course Weight
A4: Student Name | B4: ID | C4: Task 1 | D4: Task 2 | E4: Task3 | F4: Task4 | G4: Task5 | H4: Task 6 | I4: Task 7 | J4: Task 8 | K4: Task 9 | L4: Task 10 | M4: =SUM(C3:L3) -> 1 | N4: =(Laboratory!R4 *N2)/100 -> 0
A5: ='Students Names and ID'!B2 -> 0 | B5: ='Students Names and ID'!C2 -> 0 | M5: =SUM(C5:L5) -> 0 | N5: =M5*N4/M4 -> 0
A6: ='Students Names and ID'!B3 -> 0 | B6: ='Students Names and ID'!C3 -> 0 | M6: =SUM(C6:L6) -> 0 | N6: =M6*N4/M4 -> 0
A7: ='Students Names and ID'!B4 -> 0 | B7: ='Students Names and ID'!C4 -> 0 | M7: =SUM(C7:L7) -> 0 | N7: =M7*N4/M4 -> 0
A8: ='Students Names and ID'!B5 -> 0 | B8: ='Students Names and ID'!C5 -> 0 | M8: =SUM(C8:L8) -> 0 | N8: =M8*N4/M4 -> 0
A9: ='Students Names and ID'!B6 -> 0 | B9: ='Students Names and ID'!C6 -> 0 | M9: =SUM(C9:L9) -> 0 | N9: =M9*N4/M4 -> 0
A10: ='Students Names and ID'!B7 -> 0 | B10: ='Students Names and ID'!C7 -> 0 | M10: =SUM(C10:L10) -> 0 | N10: =M10*N4/M4 -> 0
A11: ='Students Names and ID'!B8 -> 0 | B11: ='Students Names and ID'!C8 -> 0 | M11: =SUM(C11:L11) -> 0 | N11: =M11*N4/M4 -> 0
A12: ='Students Names and ID'!B9 -> 0 | B12: ='Students Names and ID'!C9 -> 0 | M12: =SUM(C12:L12) -> 0 | N12: =M12*N4/M4 -> 0
A13: ='Students Names and ID'!B10 -> 0 | B13: ='Students Names and ID'!C10 -> 0 | M13: =SUM(C13:L13) -> 0 | N13: =M13*N4/M4 -> 0
A14: ='Students Names and ID'!B11 -> 0 | B14: ='Students Names and ID'!C11 -> 0 | M14: =SUM(C14:L14) -> 0 | N14: =M14*N4/M4 -> 0
A15: ='Students Names and ID'!B12 -> 0 | B15: ='Students Names and ID'!C12 -> 0 | M15: =SUM(C15:L15) -> 0 | N15: =M15*N4/M4 -> 0
A16: ='Students Names and ID'!B13 -> 0 | B16: ='Students Names and ID'!C13 -> 0 | M16: =SUM(C16:L16) -> 0 | N16: =M16*N4/M4 -> 0
A17: ='Students Names and ID'!B14 -> 0 | B17: ='Students Names and ID'!C14 -> 0 | M17: =SUM(C17:L17) -> 0 | N17: =M17*N4/M4 -> 0
A18: ='Students Names and ID'!B15 -> 0 | B18: ='Students Names and ID'!C15 -> 0 | M18: =SUM(C18:L18) -> 0 | N18: =M18*N4/M4 -> 0
A19: ='Students Names and ID'!B16 -> 0 | B19: ='Students Names and ID'!C16 -> 0 | M19: =SUM(C19:L19) -> 0 | N19: =M19*N4/M4 -> 0
A20: ='Students Names and ID'!B17 -> 0 | B20: ='Students Names and ID'!C17 -> 0 | M20: =SUM(C20:L20) -> 0 | N20: =M20*N4/M4 -> 0
A21: ='Students Names and ID'!B18 -> 0 | B21: ='Students Names and ID'!C18 -> 0 | M21: =SUM(C21:L21) -> 0 | N21: =M21*N4/M4 -> 0
A22: ='Students Names and ID'!B19 -> 0 | B22: ='Students Names and ID'!C19 -> 0 | M22: =SUM(C22:L22) -> 0 | N22: =M22*N4/M4 -> 0
A23: ='Students Names and ID'!B20 -> 0 | B23: ='Students Names and ID'!C20 -> 0 | M23: =SUM(C23:L23) -> 0 | N23: =M23*N4/M4 -> 0
A24: ='Students Names and ID'!B21 -> 0 | B24: ='Students Names and ID'!C21 -> 0 | M24: =SUM(C24:L24) -> 0 | N24: =M24*N4/M4 -> 0
A25: ='Students Names and ID'!B22 -> 0 | B25: ='Students Names and ID'!C22 -> 0 | M25: =SUM(C25:L25) -> 0 | N25: =M25*N4/M4 -> 0
A26: ='Students Names and ID'!B23 -> 0 | B26: ='Students Names and ID'!C23 -> 0 | M26: =SUM(C26:L26) -> 0 | N26: =M26*N4/M4 -> 0
A27: ='Students Names and ID'!B24 -> 0 | B27: ='Students Names and ID'!C24 -> 0 | M27: =SUM(C27:L27) -> 0 | N27: =M27*N4/M4 -> 0
A28: ='Students Names and ID'!B25 -> 0 | B28: ='Students Names and ID'!C25 -> 0 | M28: =SUM(C28:L28) -> 0 | N28: =M28*N4/M4 -> 0
A29: ='Students Names and ID'!B26 -> 0 | B29: ='Students Names and ID'!C26 -> 0 | M29: =SUM(C29:L29) -> 0 | N29: =M29*N4/M4 -> 0
A30: ='Students Names and ID'!B27 -> 0 | B30: ='Students Names and ID'!C27 -> 0 | M30: =SUM(C30:L30) -> 0 | N30: =M30*N4/M4 -> 0
A31: ='Students Names and ID'!B28 -> 0 | B31: ='Students Names and ID'!C28 -> 0 | M31: =SUM(C31:L31) -> 0 | N31: =M31*N4/M4 -> 0
A32: ='Students Names and ID'!B29 -> 0 | B32: ='Students Names and ID'!C29 -> 0 | M32: =SUM(C32:L32) -> 0 | N32: =M32*N4/M4 -> 0
A33: ='Students Names and ID'!B30 -> 0 | B33: ='Students Names and ID'!C30 -> 0 | M33: =SUM(C33:L33) -> 0 | N33: =M33*N4/M4 -> 0
A34: ='Students Names and ID'!B31 -> 0 | B34: ='Students Names and ID'!C31 -> 0 | M34: =SUM(C34:L34) -> 0 | N34: =M34*N4/M4 -> 0
A35: ='Students Names and ID'!B32 -> 0 | B35: ='Students Names and ID'!C32 -> 0 | M35: =SUM(C35:L35) -> 0 | N35: =M35*N4/M4 -> 0
A36: ='Students Names and ID'!B33 -> 0 | B36: ='Students Names and ID'!C33 -> 0 | M36: =SUM(C36:L36) -> 0 | N36: =M36*N4/M4 -> 0
A37: ='Students Names and ID'!B34 -> 0 | B37: ='Students Names and ID'!C34 -> 0 | M37: =SUM(C37:L37) -> 0 | N37: =M37*N4/M4 -> 0
A38: ='Students Names and ID'!B35 -> 0 | B38: ='Students Names and ID'!C35 -> 0 | M38: =SUM(C38:L38) -> 0 | N38: =M38*N4/M4 -> 0
A39: ='Students Names and ID'!B36 -> 0 | B39: ='Students Names and ID'!C36 -> 0 | M39: =SUM(C39:L39) -> 0 | N39: =M39*N4/M4 -> 0
A40: ='Students Names and ID'!B37 -> 0 | B40: ='Students Names and ID'!C37 -> 0 | M40: =SUM(C40:L40) -> 0 | N40: =M40*N4/M4 -> 0
A41: ='Students Names and ID'!B38 -> 0 | B41: ='Students Names and ID'!C38 -> 0 | M41: =SUM(C41:L41) -> 0 | N41: =M41*N4/M4 -> 0
A42: ='Students Names and ID'!B39 -> 0 | B42: ='Students Names and ID'!C39 -> 0 | M42: =SUM(C42:L42) -> 0 | N42: =M42*N4/M4 -> 0
A43: ='Students Names and ID'!B40 -> 0 | B43: ='Students Names and ID'!C40 -> 0 | M43: =SUM(C43:L43) -> 0 | N43: =M43*N4/M4 -> 0
A44: ='Students Names and ID'!B41 -> 0 | B44: ='Students Names and ID'!C41 -> 0 | M44: =SUM(C44:L44) -> 0 | N44: =M44*N4/M4 -> 0
B45: Average | C45: =IF(COUNTBLANK(C5:C44)=40," ",AVERAGE(C5:C44)) | D45: =IF(COUNTBLANK(D5:D44)=40," ",AVERAGE(D5:D44)) | E45: =IF(COUNTBLANK(E5:E44)=40," ",AVERAGE(E5:E44)) | F45: =IF(COUNTBLANK(F5:F44)=40," ",AVERAGE(F5:F44)) | G45: =IF(COUNTBLANK(G5:G44)=40," ",AVERAGE(G5:G44)) | H45: =IF(COUNTBLANK(H5:H44)=40," ",AVERAGE(H5:H44)) | I45: =IF(COUNTBLANK(I5:I44)=40," ",AVERAGE(I5:I44)) | J45: =IF(COUNTBLANK(J5:J44)=40," ",AVERAGE(J5:J44)) | ... N45: =IF(COUNTBLANK(N5:N44)=40," ",AVERAGE(N5:N44)) -> 0
B46: Average of 10 | C46: =IF(C45="","",IF(ISERROR(ROUND(C45*10/C3,1))," ",(ROUND(C45*10/C3,1)))) | D46: =IF(D45="","",IF(ISERROR(ROUND(D45*10/D3,1))," ",(ROUND(D45*10/D3,1)))) | E46: =IF(E45="","",IF(ISERROR(ROUND(E45*10/E3,1))," ",(ROUND(E45*10/E3,1)))) | F46: =IF(F45="","",IF(ISERROR(ROUND(F45*10/F3,1))," ",(ROUND(F45*10/F3,1)))) | G46: =IF(G45="","",IF(ISERROR(ROUND(G45*10/G3,1))," ",(ROUND(G45*10/G3,1)))) | H46: =IF(H45="","",IF(ISERROR(ROUND(H45*10/H3,1))," ",(ROUND(H45*10/H3,1)))) | I46: =IF(I45="","",IF(ISERROR(ROUND(I45*10/I3,1))," ",(ROUND(I45*10/I3,1)))) | J46: =IF(J45="","",IF(ISERROR(ROUND(J45*10/J3,1))," ",(ROUND(J45*10/J3,1)))) | ... L46: =IF(L45="","",IF(ISERROR(ROUND(L45*10/L3,1))," ",(ROUND(L45*10/L3,1)))) | M46: =IF(M45="","",IF(ISERROR(ROUND(M45*10/M4,1))," ",(ROUND(M45*10/M4,1)))) -> 0 | N46: =IF(N45="","",IF(ISERROR(ROUND(N45*10/N4,1))," ",(ROUND(N45*10/N4,1))))

Sheet Midterm 1
A1: Midterm Exam Sheet | B1: CLO # 1
B2: CLO # 2
B4: Grade | C4: 1 | AG4: Total | AH4: Course Weight
A5: Student Name | B5: ID | C5: Q 1 | D5: Q 2 | E5: Q 3 | F5: Q 4 | G5: Q 5 | H5: Q 6 | I5: Q 7 | J5: Q 8 | K5: Q 9 | L5: Q 10 | M5: Q 11 | N5: Q 12 | O5: Q13 | P5: Q 14 | Q5: Q15 | R5: Q16 | S5: Q17 | T5: Q18 | U5: Q19 | V5: Q20 | W5: Q21 | X5: Q22 | Y5: Q23 | Z5: Q24 | AA5: Q25 | AB5: Q26 | AC5: Q27 | AD5: Q28 | AE5: Q29 | AF5: Q30 | AG5: =SUM(C4:AF4) -> 1 | AH5: 0
A6: ='Students Names and ID'!B2 -> 0 | B6: ='Students Names and ID'!C2 -> 0 | AG6: =SUM(C6:AF6) -> 0 | AH6: =AG6*AH$5/AG$5 -> 0
A7: ='Students Names and ID'!B3 -> 0 | B7: ='Students Names and ID'!C3 -> 0 | AG7: =SUM(C7:AF7) -> 0 | AH7: =AG7*AH$5/AG$5 -> 0
A8: ='Students Names and ID'!B4 -> 0 | B8: ='Students Names and ID'!C4 -> 0 | AG8: =SUM(C8:AF8) -> 0 | AH8: =AG8*AH$5/AG$5 -> 0
A9: ='Students Names and ID'!B5 -> 0 | B9: ='Students Names and ID'!C5 -> 0 | AG9: =SUM(C9:AF9) -> 0 | AH9: =AG9*AH$5/AG$5 -> 0
A10: ='Students Names and ID'!B6 -> 0 | B10: ='Students Names and ID'!C6 -> 0 | AG10: =SUM(C10:AF10) -> 0 | AH10: =AG10*AH$5/AG$5 -> 0
A11: ='Students Names and ID'!B7 -> 0 | B11: ='Students Names and ID'!C7 -> 0 | AG11: =SUM(C11:AF11) -> 0 | AH11: =AG11*AH$5/AG$5 -> 0
A12: ='Students Names and ID'!B8 -> 0 | B12: ='Students Names and ID'!C8 -> 0 | AG12: =SUM(C12:AF12) -> 0 | AH12: =AG12*AH$5/AG$5 -> 0
A13: ='Students Names and ID'!B9 -> 0 | B13: ='Students Names and ID'!C9 -> 0 | AG13: =SUM(C13:AF13) -> 0 | AH13: =AG13*AH$5/AG$5 -> 0
A14: ='Students Names and ID'!B10 -> 0 | B14: ='Students Names and ID'!C10 -> 0 | AG14: =SUM(C14:AF14) -> 0 | AH14: =AG14*AH$5/AG$5 -> 0
A15: ='Students Names and ID'!B11 -> 0 | B15: ='Students Names and ID'!C11 -> 0 | AG15: =SUM(C15:AF15) -> 0 | AH15: =AG15*AH$5/AG$5 -> 0
A16: ='Students Names and ID'!B12 -> 0 | B16: ='Students Names and ID'!C12 -> 0 | AG16: =SUM(C16:AF16) -> 0 | AH16: =AG16*AH$5/AG$5 -> 0
A17: ='Students Names and ID'!B13 -> 0 | B17: ='Students Names and ID'!C13 -> 0 | AG17: =SUM(C17:AF17) -> 0 | AH17: =AG17*AH$5/AG$5 -> 0
... A45: ='Students Names and ID'!B41 -> 0 | B45: ='Students Names and ID'!C41 -> 0 | AG45: =SUM(C45:AF45) -> 0 | AH45: =AG45*AH$5/AG$5 -> 0
B46: Average | C46: =IF(COUNTBLANK(C6:C45)=40," ",AVERAGE(C6:C45)) | D46: =IF(COUNTBLANK(D6:D45)=40," ",AVERAGE(D6:D45)) | E46: =IF(COUNTBLANK(E6:E45)=40," ",AVERAGE(E6:E45)) | F46: =IF(COUNTBLANK(F6:F45)=40," ",AVERAGE(F6:F45)) | G46: =IF(COUNTBLANK(G6:G45)=40," ",AVERAGE(G6:G45)) | H46: =IF(COUNTBLANK(H6:H45)=40," ",AVERAGE(H6:H45)) | I46: =IF(COUNTBLANK(I6:I45)=40," ",AVERAGE(I6:I45)) | J46: =IF(COUNTBLANK(J6:J45)=40," ",AVERAGE(J6:J45)) | ... AH46: =IF(COUNTBLANK(AH6:AH45)=40," ",AVERAGE(AH6:AH45)) -> 0
B47: Average of 10 | C47: =IF(C46="","",IF(ISERROR(ROUND(C46*10/C4,1))," ",(ROUND(C46*10/C4,1)))) | D47: =IF(D46="","",IF(ISERROR(ROUND(D46*10/D4,1))," ",(ROUND(D46*10/D4,1)))) | E47: =IF(E46="","",IF(ISERROR(ROUND(E46*10/E4,1))," ",(ROUND(E46*10/E4,1)))) | F47: =IF(F46="","",IF(ISERROR(ROUND(F46*10/F4,1))," ",(ROUND(F46*10/F4,1)))) | G47: =IF(G46="","",IF(ISERROR(ROUND(G46*10/G4,1))," ",(ROUND(G46*10/G4,1)))) | H47: =IF(H46="","",IF(ISERROR(ROUND(H46*10/H4,1))," ",(ROUND(H46*10/H4,1)))) | I47: =IF(I46="","",IF(ISERROR(ROUND(I46*10/I4,1))," ",(ROUND(I46*10/I4,1)))) | J47: =IF(J46="","",IF(ISERROR(ROUND(J46*10/J4,1))," ",(ROUND(J46*10/J4,1)))) | ... AF47: =IF(AF46="","",IF(ISERROR(ROUND(AF46*10/AF4,1))," ",(ROUND(AF46*10/AF4,1)))) | AG47: =IF(AG46="","",IF(ISERROR(ROUND(AG46*10/AG5,1))," ",(ROUND(AG46*10/AG5,1)))) -> 0 | AH47: =IF(AH46="","",IF(ISERROR(ROUND(AH46*10/AH5,1))," ",(ROUND(AH46*10/AH5,1))))
B48: ABET Pass Criteria | C48: =COUNTIF(C6:C45,">="&(0.7*C4)) -> 0 | D48: =COUNTIF(D6:D45,">="&(0.7*D4)) -> 0 | E48: =COUNTIF(E6:E45,">="&(0.7*E4)) -> 0 | F48: =COUNTIF(F6:F45,">="&(0.7*F4)) -> 0 | G48: =COUNTIF(G6:G45,">="&(0.7*G4)) -> 0 | H48: =COUNTIF(H6:H45,">="&(0.7*H4)) -> 0 | I48: =COUNTIF(I6:I45,">="&(0.7*I4)) -> 0 | J48: =COUNTIF(J6:J45,">="&(0.7*J4)) -> 0 | ... L48: =COUNTIF(L6:L45,">="&(0.7*L4)) -> 0 | M48: =COUNTIF(M6:M45,">="&(0.75*M4)) -> 0 | N48: =COUNTIF(N6:N45,">="&(0.75*N4)) -> 0 | O48: =COUNTIF(O6:O45,">="&(0.75*O4)) -> 0 | P48: =COUNTIF(P6:P45,">="&(0.75*P4)) -> 0 | Q48: =COUNTIF(Q6:Q45,">="&(0.75*Q4)) -> 0 | R48: =COUNTIF(R6:R45,">="&(0.75*R4)) -> 0 | S48: =COUNTIF(S6:S45,">="&(0.75*S4)) -> 0 | T48: =COUNTIF(T6:T45,">="&(0.75*T4)) -> 0 | ... AF48: =COUNTIF(AF6:AF45,">="&(0.75*AF4)) -> 0
B51: Program PIs | C51: Fill in the colored columns with an 'x' to use the corresponding assessment against the PI | AG51: Sum | AH51: # of Assesments Included
B52: PI 1.a | AG52: =IF(AH52=0,"",SUM(C53:L53)) | AH52: =COUNT(C53:L53) -> 0
C53: =IF(C52="x",C48,"") | D53: =IF(D52="x",D48,"") | E53: =IF(E52="x",E48,"") | F53: =IF(F52="x",F48,"") | G53: =IF(G52="x",G48,"") | H53: =IF(H52="x",H48,"") | I53: =IF(I52="x",I48,"") | J53: =IF(J52="x",J48,"") | ... L53: =IF(L52="x",L48,"")
B54: PI 1.b | AG54: =IF(AH54=0,"",SUM(C55:L55)) | AH54: =COUNT(C55:L55) -> 0
C55: =IF(C54="x",C48,"") | D55: =IF(D54="x",D48,"") | E55: =IF(E54="x",E48,"") | F55: =IF(F54="x",F48,"") | G55: =IF(G54="x",G48,"") | H55: =IF(H54="x",H48,"") | I55: =IF(I54="x",I48,"") | J55: =IF(J54="x",J48,"") | ... L55: =IF(L54="x",L48,"")
B56: PI 1.c | AG56: =IF(AH56=0,"",SUM(C57:L57)) | AH56: =COUNT(C57:L57) -> 0
C57: =IF(C56="x",C48,"") | D57: =IF(D56="x",D48,"") | E57: =IF(E56="x",E48,"") | F57: =IF(F56="x",F48,"") | G57: =IF(G56="x",G48,"") | H57: =IF(H56="x",H48,"") | I57: =IF(I56="x",I48,"") | J57: =IF(J56="x",J48,"") | ... L57: =IF(L56="x",L48,"")
B58: PI 1.d | AG58: =IF(AH58=0,"",SUM(C59:L59)) | AH58: =COUNT(C59:L59) -> 0
C59: =IF(C58="x",C48,"") | D59: =IF(D58="x",D48,"") | E59: =IF(E58="x",E48,"") | F59: =IF(F58="x",F48,"") | G59: =IF(G58="x",G48,"") | H59: =IF(H58="x",H48,"") | I59: =IF(I58="x",I48,"") | J59: =IF(J58="x",J48,"") | ... L59: =IF(L58="x",L48,"")
B60: PI 2.a | AG60: =IF(AH60=0,"",SUM(C61:L61)) | AH60: =COUNT(C61:L61) -> 0
C61: =IF(C60="x",C48,"") | D61: =IF(D60="x",D48,"") | E61: =IF(E60="x",E48,"") | F61: =IF(F60="x",F48,"") | G61: =IF(G60="x",G48,"") | H61: =IF(H60="x",H48,"") | I61: =IF(I60="x",I48,"") | J61: =IF(J60="x",J48,"") | ... L61: =IF(L60="x",L48,"")
B62: PI 2.b | AG62: =IF(AH62=0,"",SUM(C63:L63)) | AH62: =COUNT(C63:L63) -> 0
C63: =IF(C62="x",C48,"") | D63: =IF(D62="x",D48,"") | E63: =IF(E62="x",E48,"") | F63: =IF(F62="x",F48,"") | G63: =IF(G62="x",G48,"") | H63: =IF(H62="x",H48,"") | I63: =IF(I62="x",I48,"") | J63: =IF(J62="x",J48,"") | ... L63: =IF(L62="x",L48,"")
B64: PI 3.a | AG64: =IF(AH64=0,"",SUM(C65:L65)) | AH64: =COUNT(C65:L65) -> 0
C65: =IF(C64="x",C48,"") | D65: =IF(D64="x",D48,"") | E65: =IF(E64="x",E48,"") | F65: =IF(F64="x",F48,"") | G65: =IF(G64="x",G48,"") | H65: =IF(H64="x",H48,"") | I65: =IF(I64="x",I48,"") | J65: =IF(J64="x",J48,"") | ... L65: =IF(L64="x",L48,"")
B66: PI 3.b | AG66: =IF(AH66=0,"",SUM(C67:L67)) | AH66: =COUNT(C67:L67) -> 0
C67: =IF(C66="x",C48,"") | D67: =IF(D66="x",D48,"") | E67: =IF(E66="x",E48,"") | F67: =IF(F66="x",F48,"") | G67: =IF(G66="x",G48,"") | H67: =IF(H66="x",H48,"") | I67: =IF(I66="x",I48,"") | J67: =IF(J66="x",J48,"") | ... L67: =IF(L66="x",L48,"")
B68: PI 3.c | AG68: =IF(AH68=0,"",SUM(C69:L69)) | AH68: =COUNT(C69:L69) -> 0
C69: =IF(C68="x",C48,"") | D69: =IF(D68="x",D48,"") | E69: =IF(E68="x",E48,"") | F69: =IF(F68="x",F48,"") | G69: =IF(G68="x",G48,"") | H69: =IF(H68="x",H48,"") | I69: =IF(I68="x",I48,"") | J69: =IF(J68="x",J48,"") | ... L69: =IF(L68="x",L48,"")
B70: PI 4.a | AG70: =IF(AH70=0,"",SUM(C71:L71)) | AH70: =COUNT(C71:L71) -> 0
C71: =IF(C70="x",C48,"") | D71: =IF(D70="x",D48,"") | E71: =IF(E70="x",E48,"") | F71: =IF(F70="x",F48,"") | G71: =IF(G70="x",G48,"") | H71: =IF(H70="x",H48,"") | I71: =IF(I70="x",I48,"") | J71: =IF(J70="x",J48,"") | ... L71: =IF(L70="x",L48,"")
B72: PI 4.b | AG72: =IF(AH72=0,"",SUM(C73:L73)) | AH72: =COUNT(C73:L73) -> 0
C73: =IF(C72="x",C48,"") | D73: =IF(D72="x",D48,"") | E73: =IF(E72="x",E48,"") | F73: =IF(F72="x",F48,"") | G73: =IF(G72="x",G48,"") | H73: =IF(H72="x",H48,"") | I73: =IF(I72="x",I48,"") | J73: =IF(J72="x",J48,"") | ... L73: =IF(L72="x",L48,"")
B74: PI 5.a | AG74: =IF(AH74=0,"",SUM(C75:L75)) | AH74: =COUNT(C75:L75) -> 0
C75: =IF(C74="x",C48,"") | D75: =IF(D74="x",D48,"") | E75: =IF(E74="x",E48,"") | F75: =IF(F74="x",F48,"") | G75: =IF(G74="x",G48,"") | H75: =IF(H74="x",H48,"") | I75: =IF(I74="x",I48,"") | J75: =IF(J74="x",J48,"") | ... L75: =IF(L74="x",L48,"")
B76: PI 5.b | AG76: =IF(AH76=0,"",SUM(C77:L77)) | AH76: =COUNT(C77:L77) -> 0
C77: =IF(C76="x",C48,"") | D77: =IF(D76="x",D48,"") | E77: =IF(E76="x",E48,"") | F77: =IF(F76="x",F48,"") | G77: =IF(G76="x",G48,"") | H77: =IF(H76="x",H48,"") | I77: =IF(I76="x",I48,"") | J77: =IF(J76="x",J48,"") | ... L77: =IF(L76="x",L48,"")
B78: PI 6.a | AG78: =IF(AH78=0,"",SUM(C79:L79)) | AH78: =COUNT(C79:L79) -> 0
C79: =IF(C78="x",C48,"") | D79: =IF(D78="x",D48,"") | E79: =IF(E78="x",E48,"") | F79: =IF(F78="x",F48,"") | G79: =IF(G78="x",G48,"") | H79: =IF(H78="x",H48,"") | I79: =IF(I78="x",I48,"") | J79: =IF(J78="x",J48,"") | ... L79: =IF(L78="x",L48,"")
B80: PI 6.b | AG80: =IF(AH80=0,"",SUM(C81:L81)) | AH80: =COUNT(C81:L81) -> 0
C81: =IF(C80="x",C48,"") | D81: =IF(D80="x",D48,"") | E81: =IF(E80="x",E48,"") | F81: =IF(F80="x",F48,"") | G81: =IF(G80="x",G48,"") | H81: =IF(H80="x",H48,"") | I81: =IF(I80="x",I48,"") | J81: =IF(J80="x",J48,"") | ... L81: =IF(L80="x",L48,"")

Sheet Midterm 2
A1: Midterm Makeup - Sheet | B1: CLO # 1
B2: CLO # 2
B3: GPC Objectives
B4: Grade | C4: 1 | AI4: Total | AJ4: Course Weight
A5: Student Name | B5: ID | C5: Q 1 | D5: Q 2 | E5: Q 3 | F5: Q 4 | G5: Q 5 | H5: Q 6 | I5: Q 7 | J5: Q 8 | K5: Q 9 | L5: Q 10 | M5: Q 11 | N5: Q 12 | O5: Q13 | P5: Q 14 | Q5: Q15 | R5: Q16 | S5: Q 17 | T5: Q 18 | U5: Q19 | V5: Q 20 | W5: Q 21 | X5: Q 22 | Y5: Q 23 | Z5: Q 24 | AA5: Q 25 | AB5: Q 26 | AC5: Q 27 | AD5: Q 28 | AE5: Q 29 | AF5: Q 30 | AG5: Q 31 | AH5: Q 32 | AI5: =SUM(C4:AH4) -> 1 | AJ5: 0
A6: ='Students Names and ID'!B2 -> 0 | B6: ='Students Names and ID'!C2 -> 0 | AI6: =SUM(C6:AH6) -> 0 | AJ6: =AI6*AJ$5/(AI$5) -> 0
A7: ='Students Names and ID'!B3 -> 0 | B7: ='Students Names and ID'!C3 -> 0 | AI7: =SUM(C7:AH7) -> 0 | AJ7: =AI7*AJ$5/(AI$5) -> 0
A8: ='Students Names and ID'!B4 -> 0 | B8: ='Students Names and ID'!C4 -> 0 | AI8: =SUM(C8:AH8) -> 0 | AJ8: =AI8*AJ$5/(AI$5) -> 0
A9: ='Students Names and ID'!B5 -> 0 | B9: ='Students Names and ID'!C5 -> 0 | AI9: =SUM(C9:AH9) -> 0 | AJ9: =AI9*AJ$5/(AI$5) -> 0
A10: ='Students Names and ID'!B6 -> 0 | B10: ='Students Names and ID'!C6 -> 0 | AI10: =SUM(C10:AH10) -> 0 | AJ10: =AI10*AJ$5/(AI$5) -> 0
A11: ='Students Names and ID'!B7 -> 0 | B11: ='Students Names and ID'!C7 -> 0 | AI11: =SUM(C11:AH11) -> 0 | AJ11: =AI11*AJ$5/(AI$5) -> 0
A12: ='Students Names and ID'!B8 -> 0 | B12: ='Students Names and ID'!C8 -> 0 | AI12: =SUM(C12:AH12) -> 0 | AJ12: =AI12*AJ$5/(AI$5) -> 0
A13: ='Students Names and ID'!B9 -> 0 | B13: ='Students Names and ID'!C9 -> 0 | AI13: =SUM(C13:AH13) -> 0 | AJ13: =AI13*AJ$5/(AI$5) -> 0
A14: ='Students Names and ID'!B10 -> 0 | B14: ='Students Names and ID'!C10 -> 0 | AI14: =SUM(C14:AH14) -> 0 | AJ14: =AI14*AJ$5/(AI$5) -> 0
A15: ='Students Names and ID'!B11 -> 0 | B15: ='Students Names and ID'!C11 -> 0 | AI15: =SUM(C15:AH15) -> 0 | AJ15: =AI15*AJ$5/(AI$5) -> 0
A16: ='Students Names and ID'!B12 -> 0 | B16: ='Students Names and ID'!C12 -> 0 | AI16: =SUM(C16:AH16) -> 0 | AJ16: =AI16*AJ$5/(AI$5) -> 0
A17: ='Students Names and ID'!B13 -> 0 | B17: ='Students Names and ID'!C13 -> 0 | AI17: =SUM(C17:AH17) -> 0 | AJ17: =AI17*AJ$5/(AI$5) -> 0
... A45: ='Students Names and ID'!B41 -> 0 | B45: ='Students Names and ID'!C41 -> 0 | AI45: =SUM(C45:AH45) -> 0 | AJ45: =AI45*AJ$5/(AI$5) -> 0
B46: Average | C46: =IF(COUNTBLANK(C6:C45)=40," ",AVERAGE(C6:C45)) | D46: =IF(COUNTBLANK(D6:D45)=40," ",AVERAGE(D6:D45)) | E46: =IF(COUNTBLANK(E6:E45)=40," ",AVERAGE(E6:E45)) | F46: =IF(COUNTBLANK(F6:F45)=40," ",AVERAGE(F6:F45)) | G46: =IF(COUNTBLANK(G6:G45)=40," ",AVERAGE(G6:G45)) | H46: =IF(COUNTBLANK(H6:H45)=40," ",AVERAGE(H6:H45)) | I46: =IF(COUNTBLANK(I6:I45)=40," ",AVERAGE(I6:I45)) | J46: =IF(COUNTBLANK(J6:J45)=40," ",AVERAGE(J6:J45)) | ... AJ46: =IF(COUNTBLANK(AJ6:AJ45)=40," ",AVERAGE(AJ6:AJ45)) -> 0
B47: Average of 10 | C47: =IF(C46="","",IF(ISERROR(ROUND(C46*10/C4,1))," ",(ROUND(C46*10/C4,1)))) | D47: =IF(D46="","",IF(ISERROR(ROUND(D46*10/D4,1))," ",(ROUND(D46*10/D4,1)))) | E47: =IF(E46="","",IF(ISERROR(ROUND(E46*10/E4,1))," ",(ROUND(E46*10/E4,1)))) | F47: =IF(F46="","",IF(ISERROR(ROUND(F46*10/F4,1))," ",(ROUND(F46*10/F4,1)))) | G47: =IF(G46="","",IF(ISERROR(ROUND(G46*10/G4,1))," ",(ROUND(G46*10/G4,1)))) | H47: =IF(H46="","",IF(ISERROR(ROUND(H46*10/H4,1))," ",(ROUND(H46*10/H4,1)))) | I47: =IF(I46="","",IF(ISERROR(ROUND(I46*10/I4,1))," ",(ROUND(I46*10/I4,1)))) | J47: =IF(J46="","",IF(ISERROR(ROUND(J46*10/J4,1))," ",(ROUND(J46*10/J4,1)))) | ... AH47: =IF(AH46="","",IF(ISERROR(ROUND(AH46*10/AH4,1))," ",(ROUND(AH46*10/AH4,1)))) | AI47: =IF(AI46="","",IF(ISERROR(ROUND(AI46*10/AI5,1))," ",(ROUND(AI46*10/AI5,1)))) -> 0 | AJ47: =IF(AJ46="","",IF(ISERROR(ROUND(AJ46*10/AJ5,1))," ",(ROUND(AJ46*10/AJ5,1))))

Sheet Project
A1: Project Sheet | B1: CLO # 1
B2: CLO # 2
B3: Grade | C3: 1 | M3: Total | N3: Course Weight
A4: Student Name | B4: ID | C4: R1 | D4: R2 | E4: R3 | F4: R4 | G4: R5 | H4: R6 | I4: R7 | J4: R8 | K4: R9 | L4: R10 | M4: =SUM(C3:L3) -> 1 | N4: 0
A5: ='Students Names and ID'!B2 -> 0 | B5: ='Students Names and ID'!C2 -> 0 | M5: =SUM(C5:L5) -> 0 | N5: =M5*N4/M4 -> 0
A6: ='Students Names and ID'!B3 -> 0 | B6: ='Students Names and ID'!C3 -> 0 | M6: =SUM(C6:L6) -> 0 | N6: =M6*N4/M4 -> 0
A7: ='Students Names and ID'!B4 -> 0 | B7: ='Students Names and ID'!C4 -> 0 | M7: =SUM(C7:L7) -> 0 | N7: =M7*N4/M4 -> 0
A8: ='Students Names and ID'!B5 -> 0 | B8: ='Students Names and ID'!C5 -> 0 | M8: =SUM(C8:L8) -> 0 | N8: =M8*N4/M4 -> 0
A9: ='Students Names and ID'!B6 -> 0 | B9: ='Students Names and ID'!C6 -> 0 | M9: =SUM(C9:L9) -> 0 | N9: =M9*N4/M4 -> 0
A10: ='Students Names and ID'!B7 -> 0 | B10: ='Students Names and ID'!C7 -> 0 | M10: =SUM(C10:L10) -> 0 | N10: =M10*N4/M4 -> 0
A11: ='Students Names and ID'!B8 -> 0 | B11: ='Students Names and ID'!C8 -> 0 | M11: =SUM(C11:L11) -> 0 | N11: =M11*N4/M4 -> 0
A12: ='Students Names and ID'!B9 -> 0 | B12: ='Students Names and ID'!C9 -> 0 | M12: =SUM(C12:L12) -> 0 | N12: =M12*N4/M4 -> 0
A13: ='Students Names and ID'!B10 -> 0 | B13: ='Students Names and ID'!C10 -> 0 | M13: =SUM(C13:L13) -> 0 | N13: =M13*N4/M4 -> 0
A14: ='Students Names and ID'!B11 -> 0 | B14: ='Students Names and ID'!C11 -> 0 | M14: =SUM(C14:L14) -> 0 | N14: =M14*N4/M4 -> 0
A15: ='Students Names and ID'!B12 -> 0 | B15: ='Students Names and ID'!C12 -> 0 | M15: =SUM(C15:L15) -> 0 | N15: =M15*N4/M4 -> 0
A16: ='Students Names and ID'!B13 -> 0 | B16: ='Students Names and ID'!C13 -> 0 | M16: =SUM(C16:L16) -> 0 | N16: =M16*N4/M4 -> 0
A17: ='Students Names and ID'!B14 -> 0 | B17: ='Students Names and ID'!C14 -> 0 | M17: =SUM(C17:L17) -> 0 | N17: =M17*N4/M4 -> 0
A18: ='Students Names and ID'!B15 -> 0 | B18: ='Students Names and ID'!C15 -> 0 | M18: =SUM(C18:L18) -> 0 | N18: =M18*N4/M4 -> 0
A19: ='Students Names and ID'!B16 -> 0 | B19: ='Students Names and ID'!C16 -> 0 | M19: =SUM(C19:L19) -> 0 | N19: =M19*N4/M4 -> 0
A20: ='Students Names and ID'!B17 -> 0 | B20: ='Students Names and ID'!C17 -> 0 | M20: =SUM(C20:L20) -> 0 | N20: =M20*N4/M4 -> 0
A21: ='Students Names and ID'!B18 -> 0 | B21: ='Students Names and ID'!C18 -> 0 | M21: =SUM(C21:L21) -> 0 | N21: =M21*N4/M4 -> 0
A22: ='Students Names and ID'!B19 -> 0 | B22: ='Students Names and ID'!C19 -> 0 | M22: =SUM(C22:L22) -> 0 | N22: =M22*N4/M4 -> 0
A23: ='Students Names and ID'!B20 -> 0 | B23: ='Students Names and ID'!C20 -> 0 | M23: =SUM(C23:L23) -> 0 | N23: =M23*N4/M4 -> 0
A24: ='Students Names and ID'!B21 -> 0 | B24: ='Students Names and ID'!C21 -> 0 | M24: =SUM(C24:L24) -> 0 | N24: =M24*N4/M4 -> 0
A25: ='Students Names and ID'!B22 -> 0 | B25: ='Students Names and ID'!C22 -> 0 | M25: =SUM(C25:L25) -> 0 | N25: =M25*N4/M4 -> 0
A26: ='Students Names and ID'!B23 -> 0 | B26: ='Students Names and ID'!C23 -> 0 | M26: =SUM(C26:L26) -> 0 | N26: =M26*N4/M4 -> 0
A27: ='Students Names and ID'!B24 -> 0 | B27: ='Students Names and ID'!C24 -> 0 | M27: =SUM(C27:L27) -> 0 | N27: =M27*N4/M4 -> 0
A28: ='Students Names and ID'!B25 -> 0 | B28: ='Students Names and ID'!C25 -> 0 | M28: =SUM(C28:L28) -> 0 | N28: =M28*N4/M4 -> 0
A29: ='Students Names and ID'!B26 -> 0 | B29: ='Students Names and ID'!C26 -> 0 | M29: =SUM(C29:L29) -> 0 | N29: =M29*N4/M4 -> 0
A30: ='Students Names and ID'!B27 -> 0 | B30: ='Students Names and ID'!C27 -> 0 | M30: =SUM(C30:L30) -> 0 | N30: =M30*N4/M4 -> 0
A31: ='Students Names and ID'!B28 -> 0 | B31: ='Students Names and ID'!C28 -> 0 | M31: =SUM(C31:L31) -> 0 | N31: =M31*N4/M4 -> 0
A32: ='Students Names and ID'!B29 -> 0 | B32: ='Students Names and ID'!C29 -> 0 | M32: =SUM(C32:L32) -> 0 | N32: =M32*N4/M4 -> 0
A33: ='Students Names and ID'!B30 -> 0 | B33: ='Students Names and ID'!C30 -> 0 | M33: =SUM(C33:L33) -> 0 | N33: =M33*N4/M4 -> 0
A34: ='Students Names and ID'!B31 -> 0 | B34: ='Students Names and ID'!C31 -> 0 | M34: =SUM(C34:L34) -> 0 | N34: =M34*N4/M4 -> 0
A35: ='Students Names and ID'!B32 -> 0 | B35: ='Students Names and ID'!C32 -> 0 | M35: =SUM(C35:L35) -> 0 | N35: =M35*N4/M4 -> 0
A36: ='Students Names and ID'!B33 -> 0 | B36: ='Students Names and ID'!C33 -> 0 | M36: =SUM(C36:L36) -> 0 | N36: =M36*N4/M4 -> 0
A37: ='Students Names and ID'!B34 -> 0 | B37: ='Students Names and ID'!C34 -> 0 | M37: =SUM(C37:L37) -> 0 | N37: =M37*N4/M4 -> 0
A38: ='Students Names and ID'!B35 -> 0 | B38: ='Students Names and ID'!C35 -> 0 | M38: =SUM(C38:L38) -> 0 | N38: =M38*N4/M4 -> 0
A39: ='Students Names and ID'!B36 -> 0 | B39: ='Students Names and ID'!C36 -> 0 | M39: =SUM(C39:L39) -> 0 | N39: =M39*N4/M4 -> 0
A40: ='Students Names and ID'!B37 -> 0 | B40: ='Students Names and ID'!C37 -> 0 | M40: =SUM(C40:L40) -> 0 | N40: =M40*N4/M4 -> 0
A41: ='Students Names and ID'!B38 -> 0 | B41: ='Students Names and ID'!C38 -> 0 | M41: =SUM(C41:L41) -> 0 | N41: =M41*N4/M4 -> 0
A42: ='Students Names and ID'!B39 -> 0 | B42: ='Students Names and ID'!C39 -> 0 | M42: =SUM(C42:L42) -> 0 | N42: =M42*N4/M4 -> 0
A43: ='Students Names and ID'!B40 -> 0 | B43: ='Students Names and ID'!C40 -> 0 | M43: =SUM(C43:L43) -> 0 | N43: =M43*N4/M4 -> 0
A44: ='Students Names and ID'!B41 -> 0 | B44: ='Students Names and ID'!C41 -> 0 | M44: =SUM(C44:L44) -> 0 | N44: =M44*N4/M4 -> 0
B45: Average | C45: =IF(COUNTBLANK(C5:C44)=40," ",AVERAGE(C5:C44)) | D45: =IF(COUNTBLANK(D5:D44)=40," ",AVERAGE(D5:D44)) | E45: =IF(COUNTBLANK(E5:E44)=40," ",AVERAGE(E5:E44)) | F45: =IF(COUNTBLANK(F5:F44)=40," ",AVERAGE(F5:F44)) | G45: =IF(COUNTBLANK(G5:G44)=40," ",AVERAGE(G5:G44)) | H45: =IF(COUNTBLANK(H5:H44)=40," ",AVERAGE(H5:H44)) | I45: =IF(COUNTBLANK(I5:I44)=40," ",AVERAGE(I5:I44)) | J45: =IF(COUNTBLANK(J5:J44)=40," ",AVERAGE(J5:J44)) | ... N45: =IF(COUNTBLANK(N5:N44)=40," ",AVERAGE(N5:N44)) -> 0
B46: Average of 10 | C46: =IF(C45="","",IF(ISERROR(ROUND(C45*10/C3,1))," ",(ROUND(C45*10/C3,1)))) | D46: =IF(D45="","",IF(ISERROR(ROUND(D45*10/D3,1))," ",(ROUND(D45*10/D3,1)))) | E46: =IF(E45="","",IF(ISERROR(ROUND(E45*10/E3,1))," ",(ROUND(E45*10/E3,1)))) | F46: =IF(F45="","",IF(ISERROR(ROUND(F45*10/F3,1))," ",(ROUND(F45*10/F3,1)))) | G46: =IF(G45="","",IF(ISERROR(ROUND(G45*10/G3,1))," ",(ROUND(G45*10/G3,1)))) | H46: =IF(H45="","",IF(ISERROR(ROUND(H45*10/H3,1))," ",(ROUND(H45*10/H3,1)))) | I46: =IF(I45="","",IF(ISERROR(ROUND(I45*10/I3,1))," ",(ROUND(I45*10/I3,1)))) | J46: =IF(J45="","",IF(ISERROR(ROUND(J45*10/J3,1))," ",(ROUND(J45*10/J3,1)))) | ... L46: =IF(L45="","",IF(ISERROR(ROUND(L45*10/L3,1))," ",(ROUND(L45*10/L3,1)))) | M46: =IF(M45="","",IF(ISERROR(ROUND(M45*10/M4,1))," ",(ROUND(M45*10/M4,1)))) -> 0 | N46: =IF(N45="","",IF(ISERROR(ROUND(N45*10/N4,1))," ",(ROUND(N45*10/N4,1))))
B47: ABET Pass Criteria | C47: =COUNTIF(C5:C44,">="&(0.7*C3)) -> 0 | D47: =COUNTIF(D5:D44,">="&(0.7*D3)) -> 0 | E47: =COUNTIF(E5:E44,">="&(0.7*E3)) -> 0 | F47: =COUNTIF(F5:F44,">="&(0.7*F3)) -> 0 | G47: =COUNTIF(G5:G44,">="&(0.7*G3)) -> 0 | H47: =COUNTIF(H5:H44,">="&(0.7*H3)) -> 0 | I47: =COUNTIF(I5:I44,">="&(0.7*I3)) -> 0 | J47: =COUNTIF(J5:J44,">="&(0.7*J3)) -> 0 | ... L47: =COUNTIF(L5:L44,">="&(0.7*L3)) -> 0
C49: =C4 -> R1 | D49: =D4 -> R2 | E49: =E4 -> R3 | F49: =F4 -> R4 | G49: =G4 -> R5 | H49: =H4 -> R6 | I49: =I4 -> R7 | J49: =J4 -> R8 | ... L49: =L4 -> R10
B50: Program PIs | C50: Fill in the colored columns with an 'x' to use the corresponding assessment against the PI | M50: Sum | N50: # of Assesments Included
C51: Do not write in the white columns
B52: PI 1.a | M52: =IF(N52=0,"",SUM(C53:L53)) | N52: =COUNT(C53:L53) -> 0
C53: =IF(C52="x",C$47,"") | D53: =IF(D52="x",D$47,"") | E53: =IF(E52="x",E$47,"") | F53: =IF(F52="x",F$47,"") | G53: =IF(G52="x",G$47,"") | H53: =IF(H52="x",H$47,"") | I53: =IF(I52="x",I$47,"") | J53: =IF(J52="x",J$47,"") | ... L53: =IF(L52="x",L$47,"")
B54: PI 1.b | M54: =IF(N54=0,"",SUM(C55:L55)) | N54: =COUNT(C55:L55) -> 0
C55: =IF(C54="x",C$47,"") | D55: =IF(D54="x",D$47,"") | E55: =IF(E54="x",E$47,"") | F55: =IF(F54="x",F$47,"") | G55: =IF(G54="x",G$47,"") | H55: =IF(H54="x",H$47,"") | I55: =IF(I54="x",I$47,"") | J55: =IF(J54="x",J$47,"") | ... L55: =IF(L54="x",L$47,"")
B56: PI 1.c | M56: =IF(N56=0,"",SUM(C57:L57)) | N56: =COUNT(C57:L57) -> 0
C57: =IF(C56="x",C$47,"") | D57: =IF(D56="x",D$47,"") | E57: =IF(E56="x",E$47,"") | F57: =IF(F56="x",F$47,"") | G57: =IF(G56="x",G$47,"") | H57: =IF(H56="x",H$47,"") | I57: =IF(I56="x",I$47,"") | J57: =IF(J56="x",J$47,"") | ... L57: =IF(L56="x",L$47,"")
B58: PI 1.d | M58: =IF(N58=0,"",SUM(C59:L59)) | N58: =COUNT(C59:L59) -> 0
C59: =IF(C58="x",C$47,"") | D59: =IF(D58="x",D$47,"") | E59: =IF(E58="x",E$47,"") | F59: =IF(F58="x",F$47,"") | G59: =IF(G58="x",G$47,"") | H59: =IF(H58="x",H$47,"") | I59: =IF(I58="x",I$47,"") | J59: =IF(J58="x",J$47,"") | ... L59: =IF(L58="x",L$47,"")
B60: PI 2.a | M60: =IF(N60=0,"",SUM(C61:L61)) | N60: =COUNT(C61:L61) -> 0
C61: =IF(C60="x",C$47,"") | D61: =IF(D60="x",D$47,"") | E61: =IF(E60="x",E$47,"") | F61: =IF(F60="x",F$47,"") | G61: =IF(G60="x",G$47,"") | H61: =IF(H60="x",H$47,"") | I61: =IF(I60="x",I$47,"") | J61: =IF(J60="x",J$47,"") | ... L61: =IF(L60="x",L$47,"")
B62: PI 2.b | M62: =IF(N62=0,"",SUM(C63:L63)) | N62: =COUNT(C63:L63) -> 0
C63: =IF(C62="x",C$47,"") | D63: =IF(D62="x",D$47,"") | E63: =IF(E62="x",E$47,"") | F63: =IF(F62="x",F$47,"") | G63: =IF(G62="x",G$47,"") | H63: =IF(H62="x",H$47,"") | I63: =IF(I62="x",I$47,"") | J63: =IF(J62="x",J$47,"") | ... L63: =IF(L62="x",L$47,"")
B64: PI 3.a | M64: =IF(N64=0,"",SUM(C65:L65)) | N64: =COUNT(C65:L65) -> 0
C65: =IF(C64="x",C$47,"") | D65: =IF(D64="x",D$47,"") | E65: =IF(E64="x",E$47,"") | F65: =IF(F64="x",F$47,"") | G65: =IF(G64="x",G$47,"") | H65: =IF(H64="x",H$47,"") | I65: =IF(I64="x",I$47,"") | J65: =IF(J64="x",J$47,"") | ... L65: =IF(L64="x",L$47,"")
B66: PI 3.b | M66: =IF(N66=0,"",SUM(C67:L67)) | N66: =COUNT(C67:L67) -> 0
C67: =IF(C66="x",C$47,"") | D67: =IF(D66="x",D$47,"") | E67: =IF(E66="x",E$47,"") | F67: =IF(F66="x",F$47,"") | G67: =IF(G66="x",G$47,"") | H67: =IF(H66="x",H$47,"") | I67: =IF(I66="x",I$47,"") | J67: =IF(J66="x",J$47,"") | ... L67: =IF(L66="x",L$47,"")
B68: PI 3.c | M68: =IF(N68=0,"",SUM(C69:L69)) | N68: =COUNT(C69:L69) -> 0
C69: =IF(C68="x",C$47,"") | D69: =IF(D68="x",D$47,"") | E69: =IF(E68="x",E$47,"") | F69: =IF(F68="x",F$47,"") | G69: =IF(G68="x",G$47,"") | H69: =IF(H68="x",H$47,"") | I69: =IF(I68="x",I$47,"") | J69: =IF(J68="x",J$47,"") | ... L69: =IF(L68="x",L$47,"")
B70: PI 4.a | M70: =IF(N70=0,"",SUM(C71:L71)) | N70: =COUNT(C71:L71) -> 0
C71: =IF(C70="x",C$47,"") | D71: =IF(D70="x",D$47,"") | E71: =IF(E70="x",E$47,"") | F71: =IF(F70="x",F$47,"") | G71: =IF(G70="x",G$47,"") | H71: =IF(H70="x",H$47,"") | I71: =IF(I70="x",I$47,"") | J71: =IF(J70="x",J$47,"") | ... L71: =IF(L70="x",L$47,"")
B72: PI 4.b | M72: =IF(N72=0,"",SUM(C73:L73)) | N72: =COUNT(C73:L73) -> 0
C73: =IF(C72="x",C$47,"") | D73: =IF(D72="x",D$47,"") | E73: =IF(E72="x",E$47,"") | F73: =IF(F72="x",F$47,"") | G73: =IF(G72="x",G$47,"") | H73: =IF(H72="x",H$47,"") | I73: =IF(I72="x",I$47,"") | J73: =IF(J72="x",J$47,"") | ... L73: =IF(L72="x",L$47,"")
B74: PI 5.a | M74: =IF(N74=0,"",SUM(C75:L75)) | N74: =COUNT(C75:L75) -> 0
C75: =IF(C74="x",C$47,"") | D75: =IF(D74="x",D$47,"") | E75: =IF(E74="x",E$47,"") | F75: =IF(F74="x",F$47,"") | G75: =IF(G74="x",G$47,"") | H75: =IF(H74="x",H$47,"") | I75: =IF(I74="x",I$47,"") | J75: =IF(J74="x",J$47,"") | ... L75: =IF(L74="x",L$47,"")
B76: PI 5.b | M76: =IF(N76=0,"",SUM(C77:L77)) | N76: =COUNT(C77:L77) -> 0
C77: =IF(C76="x",C$47,"") | D77: =IF(D76="x",D$47,"") | E77: =IF(E76="x",E$47,"") | F77: =IF(F76="x",F$47,"") | G77: =IF(G76="x",G$47,"") | H77: =IF(H76="x",H$47,"") | I77: =IF(I76="x",I$47,"") | J77: =IF(J76="x",J$47,"") | ... L77: =IF(L76="x",L$47,"")
B78: PI 6.a | M78: =IF(N78=0,"",SUM(C79:L79)) | N78: =COUNT(C79:L79) -> 0
C79: =IF(C78="x",C$47,"") | D79: =IF(D78="x",D$47,"") | E79: =IF(E78="x",E$47,"") | F79: =IF(F78="x",F$47,"") | G79: =IF(G78="x",G$47,"") | H79: =IF(H78="x",H$47,"") | I79: =IF(I78="x",I$47,"") | J79: =IF(J78="x",J$47,"") | ... L79: =IF(L78="x",L$47,"")
B80: PI 6.b | M80: =IF(N80=0,"",SUM(C81:L81)) | N80: =COUNT(C81:L81) -> 0
C81: =IF(C80="x",C$47,"") | D81: =IF(D80="x",D$47,"") | E81: =IF(E80="x",E$47,"") | F81: =IF(F80="x",F$47,"") | G81: =IF(G80="x",G$47,"") | H81: =IF(H80="x",H$47,"") | I81: =IF(I80="x",I$47,"") | J81: =IF(J80="x",J$47,"") | ... L81: =IF(L80="x",L$47,"")

Sheet Final Exam
A1: Final Exam Sheet | B1: CLO # 1
B2: CLO # 2
B3: Grade | C3: 1 | AH3: Total | AI3: Course Weight
A4: Student Name | B4: ID | C4: Q1 | D4: Q2 | E4: Q3 | F4: Q4 | G4: Q5 | H4: Q6 | I4: Q7 | J4: Q8 | K4: Q9 | L4: Q10 | M4: Q11 | N4: Q12 | O4: Q13 | P4: Q 14 | Q4: Q 15 | R4: Q 15 | S4: Q 16 | T4: Q 17 | U4: Q 18 | V4: Q 19 | W4: Q 20 | X4: Q 21 | Y4: Q 22 | Z4: Q 23 | AA4: Q 24 | AB4: Q 25 | AC4: Q 26 | AD4: Q 27 | AE4: Q 28 | AF4: Q 29 | AG4: Q 30 | AH4: =SUM(C3:AG3) -> 1 | AI4: 0
A5: ='Students Names and ID'!B2 -> 0 | B5: ='Students Names and ID'!C2 -> 0 | AH5: =SUM(C5:AG5) -> 0 | AI5: =AH5*AI$4/AH$4 -> 0
A6: ='Students Names and ID'!B3 -> 0 | B6: ='Students Names and ID'!C3 -> 0 | AH6: =SUM(C6:AG6) -> 0 | AI6: =AH6*AI$4/AH$4 -> 0
A7: ='Students Names and ID'!B4 -> 0 | B7: ='Students Names and ID'!C4 -> 0 | AH7: =SUM(C7:AG7) -> 0 | AI7: =AH7*AI$4/AH$4 -> 0
A8: ='Students Names and ID'!B5 -> 0 | B8: ='Students Names and ID'!C5 -> 0 | AH8: =SUM(C8:AG8) -> 0 | AI8: =AH8*AI$4/AH$4 -> 0
A9: ='Students Names and ID'!B6 -> 0 | B9: ='Students Names and ID'!C6 -> 0 | AH9: =SUM(C9:AG9) -> 0 | AI9: =AH9*AI$4/AH$4 -> 0
A10: ='Students Names and ID'!B7 -> 0 | B10: ='Students Names and ID'!C7 -> 0 | AH10: =SUM(C10:AG10) -> 0 | AI10: =AH10*AI$4/AH$4 -> 0
A11: ='Students Names and ID'!B8 -> 0 | B11: ='Students Names and ID'!C8 -> 0 | AH11: =SUM(C11:AG11) -> 0 | AI11: =AH11*AI$4/AH$4 -> 0
A12: ='Students Names and ID'!B9 -> 0 | B12: ='Students Names and ID'!C9 -> 0 | AH12: =SUM(C12:AG12) -> 0 | AI12: =AH12*AI$4/AH$4 -> 0
A13: ='Students Names and ID'!B10 -> 0 | B13: ='Students Names and ID'!C10 -> 0 | AH13: =SUM(C13:AG13) -> 0 | AI13: =AH13*AI$4/AH$4 -> 0
A14: ='Students Names and ID'!B11 -> 0 | B14: ='Students Names and ID'!C11 -> 0 | AH14: =SUM(C14:AG14) -> 0 | AI14: =AH14*AI$4/AH$4 -> 0
A15: ='Students Names and ID'!B12 -> 0 | B15: ='Students Names and ID'!C12 -> 0 | AH15: =SUM(C15:AG15) -> 0 | AI15: =AH15*AI$4/AH$4 -> 0
A16: ='Students Names and ID'!B13 -> 0 | B16: ='Students Names and ID'!C13 -> 0 | AH16: =SUM(C16:AG16) -> 0 | AI16: =AH16*AI$4/AH$4 -> 0
... A44: ='Students Names and ID'!B41 -> 0 | B44: ='Students Names and ID'!C41 -> 0 | AH44: =SUM(C44:AG44) -> 0 | AI44: =AH44*AI$4/AH$4 -> 0
B45: Average | C45: =IF(COUNTBLANK(C5:C44)=40," ",AVERAGE(C5:C44)) | D45: =IF(COUNTBLANK(D5:D44)=40," ",AVERAGE(D5:D44)) | E45: =IF(COUNTBLANK(E5:E44)=40," ",AVERAGE(E5:E44)) | F45: =IF(COUNTBLANK(F5:F44)=40," ",AVERAGE(F5:F44)) | G45: =IF(COUNTBLANK(G5:G44)=40," ",AVERAGE(G5:G44)) | H45: =IF(COUNTBLANK(H5:H44)=40," ",AVERAGE(H5:H44)) | N45: =IF(COUNTBLANK(N5:N44)=40," ",AVERAGE(N5:N44)) | O45: =IF(COUNTBLANK(O5:O44)=40," ",AVERAGE(O5:O44)) | W45: =IF(COUNTBLANK(W5:W44)=40," ",AVERAGE(W5:W44)) | X45: =IF(COUNTBLANK(X5:X44)=40," ",AVERAGE(X5:X44)) | Y45: =IF(COUNTBLANK(Y5:Y44)=40," ",AVERAGE(Y5:Y44)) | Z45: =IF(COUNTBLANK(Z5:Z44)=40," ",AVERAGE(Z5:Z44)) | AA45: =IF(COUNTBLANK(AA5:AA44)=40," ",AVERAGE(AA5:AA44)) | AB45: =IF(COUNTBLANK(AB5:AB44)=40," ",AVERAGE(AB5:AB44)) | AC45: =IF(COUNTBLANK(AC5:AC44)=40," ",AVERAGE(AC5:AC44)) | AD45: =IF(COUNTBLANK(AD5:AD44)=40," ",AVERAGE(AD5:AD44)) | ... AI45: =IF(COUNTBLANK(AI5:AI44)=40," ",AVERAGE(AI5:AI44)) -> 0
B46: Average of 10 | C46: =IF(C45="","",IF(ISERROR(ROUND(C45*10/C3,1))," ",(ROUND(C45*10/C3,1)))) | D46: =IF(D45="","",IF(ISERROR(ROUND(D45*10/D3,1))," ",(ROUND(D45*10/D3,1)))) | E46: =IF(E45="","",IF(ISERROR(ROUND(E45*10/E3,1))," ",(ROUND(E45*10/E3,1)))) | F46: =IF(F45="","",IF(ISERROR(ROUND(F45*10/F3,1))," ",(ROUND(F45*10/F3,1)))) | G46: =IF(G45="","",IF(ISERROR(ROUND(G45*10/G3,1))," ",(ROUND(G45*10/G3,1)))) | H46: =IF(H45="","",IF(ISERROR(ROUND(H45*10/H3,1))," ",(ROUND(H45*10/H3,1)))) | N46: =IF(N45="","",IF(ISERROR(ROUND(N45*10/N3,1))," ",(ROUND(N45*10/N3,1)))) | O46: =IF(O45="","",IF(ISERROR(ROUND(O45*10/O3,1))," ",(ROUND(O45*10/O3,1)))) | W46: =IF(W45="","",IF(ISERROR(ROUND(W45*10/W3,1))," ",(ROUND(W45*10/W3,1)))) | X46: =IF(X45="","",IF(ISERROR(ROUND(X45*10/X3,1))," ",(ROUND(X45*10/X3,1)))) | Y46: =IF(Y45="","",IF(ISERROR(ROUND(Y45*10/Y3,1))," ",(ROUND(Y45*10/Y3,1)))) | Z46: =IF(Z45="","",IF(ISERROR(ROUND(Z45*10/Z3,1))," ",(ROUND(Z45*10/Z3,1)))) | AA46: =IF(AA45="","",IF(ISERROR(ROUND(AA45*10/AA3,1))," ",(ROUND(AA45*10/AA3,1)))) | AB46: =IF(AB45="","",IF(ISERROR(ROUND(AB45*10/AB3,1))," ",(ROUND(AB45*10/AB3,1)))) | AC46: =IF(AC45="","",IF(ISERROR(ROUND(AC45*10/AC3,1))," ",(ROUND(AC45*10/AC3,1)))) | AD46: =IF(AD45="","",IF(ISERROR(ROUND(AD45*10/AD3,1))," ",(ROUND(AD45*10/AD3,1)))) | ... AG46: =IF(AG45="","",IF(ISERROR(ROUND(AG45*10/AG3,1))," ",(ROUND(AG45*10/AG3,1)))) | AH46: =IF(AH45="","",IF(ISERROR(ROUND(AH45*10/AH4,1))," ",(ROUND(AH45*10/AH4,1)))) -> 0 | AI46: =IF(AI45="","",IF(ISERROR(ROUND(AI45*10/AI4,1))," ",(ROUND(AI45*10/AI4,1))))
B48: ABET Pass Criteria | C48: =COUNTIF(C5:C44,">="&(0.7*C3)) -> 0 | D48: =COUNTIF(D5:D44,">="&(0.7*D3)) -> 0 | E48: =COUNTIF(E5:E44,">="&(0.7*E3)) -> 0 | F48: =COUNTIF(F5:F44,">="&(0.7*F3)) -> 0 | G48: =COUNTIF(G5:G44,">="&(0.7*G3)) -> 0 | H48: =COUNTIF(H5:H44,">="&(0.7*H3)) -> 0 | I48: =COUNTIF(I5:I44,">="&(0.7*I3)) -> 0 | J48: =COUNTIF(J5:J44,">="&(0.7*J3)) -> 0 | ... AG48: =COUNTIF(AG5:AG44,">="&(0.7*AG3)) -> 0
C50: =C4 -> Q1 | D50: =D4 -> Q2 | E50: =E4 -> Q3 | F50: =F4 -> Q4 | G50: =G4 -> Q5 | H50: =H4 -> Q6 | I50: =I4 -> Q7 | J50: =J4 -> Q8 | ... L50: =L4 -> Q10
B51: Program PIs | C51: Fill in the colored columns with an 'x' to use the corresponding assessment against the PI | AH51: Sum | AI51: # of Asses. Included
C52: Do not write in the white columns
B53: PI 1.a | AH53: =IF(AI53=0,"",SUM(C54:L54)) | AI53: =COUNT(C54:L54) -> 0
C54: =IF(C53="x",C48,"") | D54: =IF(D53="x",D48,"") | E54: =IF(E53="x",E48,"") | F54: =IF(F53="x",F48,"") | G54: =IF(G53="x",G48,"") | H54: =IF(H53="x",H48,"") | I54: =IF(I53="x",I48,"") | J54: =IF(J53="x",J48,"") | ... L54: =IF(L53="x",L48,"")
B55: PI 1.b | AH55: =IF(AI55=0,"",SUM(C56:L56)) | AI55: =COUNT(C56:L56) -> 0
C56: =IF(C55="x",C48,"") | D56: =IF(D55="x",D48,"") | E56: =IF(E55="x",E48,"") | F56: =IF(F55="x",F48,"") | G56: =IF(G55="x",G48,"") | H56: =IF(H55="x",H48,"") | I56: =IF(I55="x",I48,"") | J56: =IF(J55="x",J48,"") | ... L56: =IF(L55="x",L48,"")
B57: PI 1.c | AH57: =IF(AI57=0,"",SUM(C58:L58)) | AI57: =COUNT(C58:L58) -> 0
C58: =IF(C57="x",C48,"") | D58: =IF(D57="x",D48,"") | E58: =IF(E57="x",E48,"") | F58: =IF(F57="x",F48,"") | G58: =IF(G57="x",G48,"") | H58: =IF(H57="x",H48,"") | I58: =IF(I57="x",I48,"") | J58: =IF(J57="x",J48,"") | ... L58: =IF(L57="x",L48,"")
B59: PI 1.d | AH59: =IF(AI59=0,"",SUM(C60:L60)) | AI59: =COUNT(C60:L60) -> 0
C60: =IF(C59="x",C48,"") | D60: =IF(D59="x",D48,"") | E60: =IF(E59="x",E48,"") | F60: =IF(F59="x",F48,"") | G60: =IF(G59="x",G48,"") | H60: =IF(H59="x",H48,"") | I60: =IF(I59="x",I48,"") | J60: =IF(J59="x",J48,"") | ... L60: =IF(L59="x",L48,"")
B61: PI 2.a | AH61: =IF(AI61=0,"",SUM(C62:L62)) | AI61: =COUNT(C62:L62) -> 0
C62: =IF(C61="x",C48,"") | D62: =IF(D61="x",D48,"") | E62: =IF(E61="x",E48,"") | F62: =IF(F61="x",F48,"") | G62: =IF(G61="x",G48,"") | H62: =IF(H61="x",H48,"") | I62: =IF(I61="x",I48,"") | J62: =IF(J61="x",J48,"") | ... L62: =IF(L61="x",L48,"")
B63: PI 2.b | AH63: =IF(AI63=0,"",SUM(C64:L64)) | AI63: =COUNT(C64:L64) -> 0
C64: =IF(C63="x",C48,"") | D64: =IF(D63="x",D48,"") | E64: =IF(E63="x",E48,"") | F64: =IF(F63="x",F48,"") | G64: =IF(G63="x",G48,"") | H64: =IF(H63="x",H48,"") | I64: =IF(I63="x",I48,"") | J64: =IF(J63="x",J48,"") | ... L64: =IF(L63="x",L48,"")
B65: PI 3.a | AH65: =IF(AI65=0,"",SUM(C66:L66)) | AI65: =COUNT(C66:L66) -> 0
C66: =IF(C65="x",C48,"") | D66: =IF(D65="x",D48,"") | E66: =IF(E65="x",E48,"") | F66: =IF(F65="x",F48,"") | G66: =IF(G65="x",G48,"") | H66: =IF(H65="x",H48,"") | I66: =IF(I65="x",I48,"") | J66: =IF(J65="x",J48,"") | ... L66: =IF(L65="x",L48,"")
B67: PI 3.b | AH67: =IF(AI67=0,"",SUM(C68:L68)) | AI67: =COUNT(C68:L68) -> 0
C68: =IF(C67="x",C48,"") | D68: =IF(D67="x",D48,"") | E68: =IF(E67="x",E48,"") | F68: =IF(F67="x",F48,"") | G68: =IF(G67="x",G48,"") | H68: =IF(H67="x",H48,"") | I68: =IF(I67="x",I48,"") | J68: =IF(J67="x",J48,"") | ... L68: =IF(L67="x",L48,"")
B69: PI 3.c | AH69: =IF(AI69=0,"",SUM(C70:L70)) | AI69: =COUNT(C70:L70) -> 0
C70: =IF(C69="x",C48,"") | D70: =IF(D69="x",D48,"") | E70: =IF(E69="x",E48,"") | F70: =IF(F69="x",F48,"") | G70: =IF(G69="x",G48,"") | H70: =IF(H69="x",H48,"") | I70: =IF(I69="x",I48,"") | J70: =IF(J69="x",J48,"") | ... L70: =IF(L69="x",L48,"")
B71: PI 4.a | AH71: =IF(AI71=0,"",SUM(C72:L72)) | AI71: =COUNT(C72:L72) -> 0
C72: =IF(C71="x",C48,"") | D72: =IF(D71="x",D48,"") | E72: =IF(E71="x",E48,"") | F72: =IF(F71="x",F48,"") | G72: =IF(G71="x",G48,"") | H72: =IF(H71="x",H48,"") | I72: =IF(I71="x",I48,"") | J72: =IF(J71="x",J48,"") | ... L72: =IF(L71="x",L48,"")
B73: PI 4.b | AH73: =IF(AI73=0,"",SUM(C74:L74)) | AI73: =COUNT(C74:L74) -> 0
C74: =IF(C73="x",C48,"") | D74: =IF(D73="x",D48,"") | E74: =IF(E73="x",E48,"") | F74: =IF(F73="x",F48,"") | G74: =IF(G73="x",G48,"") | H74: =IF(H73="x",H48,"") | I74: =IF(I73="x",I48,"") | J74: =IF(J73="x",J48,"") | ... L74: =IF(L73="x",L48,"")
B75: PI 5.a | AH75: =IF(AI75=0,"",SUM(C76:L76)) | AI75: =COUNT(C76:L76) -> 0
C76: =IF(C75="x",C48,"") | D76: =IF(D75="x",D48,"") | E76: =IF(E75="x",E48,"") | F76: =IF(F75="x",F48,"") | G76: =IF(G75="x",G48,"") | H76: =IF(H75="x",H48,"") | I76: =IF(I75="x",I48,"") | J76: =IF(J75="x",J48,"") | ... L76: =IF(L75="x",L48,"")
B77: PI 5.b | AH77: =IF(AI77=0,"",SUM(C78:L78)) | AI77: =COUNT(C78:L78) -> 0
C78: =IF(C77="x",C48,"") | D78: =IF(D77="x",D48,"") | E78: =IF(E77="x",E48,"") | F78: =IF(F77="x",F48,"") | G78: =IF(G77="x",G48,"") | H78: =IF(H77="x",H48,"") | I78: =IF(I77="x",I48,"") | J78: =IF(J77="x",J48,"") | ... L78: =IF(L77="x",L48,"")
B79: PI 6.a | AH79: =IF(AI79=0,"",SUM(C80:L80)) | AI79: =COUNT(C80:L80) -> 0
C80: =IF(C79="x",C48,"") | D80: =IF(D79="x",D48,"") | E80: =IF(E79="x",E48,"") | F80: =IF(F79="x",F48,"") | G80: =IF(G79="x",G48,"") | H80: =IF(H79="x",H48,"") | I80: =IF(I79="x",I48,"") | J80: =IF(J79="x",J48,"") | ... L80: =IF(L79="x",L48,"")
B81: PI 6.b | AH81: =IF(AI81=0,"",SUM(C82:L82)) | AI81: =COUNT(C82:L82) -> 0
C82: =IF(C81="x",C48,"") | D82: =IF(D81="x",D48,"") | E82: =IF(E81="x",E48,"") | F82: =IF(F81="x",F48,"") | G82: =IF(G81="x",G48,"") | H82: =IF(H81="x",H48,"") | I82: =IF(I81="x",I48,"") | J82: =IF(J81="x",J48,"") | ... L82: =IF(L81="x",L48,"")

Sheet Incomplete Final
A1: Incomplete Final Exam - Sheet | B1: CLO # 1
B2: CLO # 2
B3: Grade | C3: 1 | AH3: Total | AI3: Course Weight
A4: Student Name | B4: ID | C4: Q1 | D4: Q2 | E4: Q3 | F4: Q4 | G4: Q5 | H4: Q6 | I4: Q7 | J4: Q8 | K4: Q9 | L4: Q10 | M4: Q11 | N4: Q12 | O4: Q13 | P4: Q 14 | Q4: Q 15 | R4: Q 15 | S4: Q 16 | T4: Q 17 | U4: Q 18 | V4: Q 19 | W4: Q 20 | X4: Q 21 | Y4: Q 22 | Z4: Q 23 | AA4: Q 24 | AB4: Q 25 | AC4: Q 26 | AD4: Q 27 | AE4: Q 28 | AF4: Q 29 | AG4: Q 30 | AH4: =SUM(C3:AG3) -> 1 | AI4: 0
A5: ='Students Names and ID'!B2 -> 0 | B5: ='Students Names and ID'!C2 -> 0 | AH5: =SUM(C5:AG5) -> 0 | AI5: =AH5*AI$4/AH$4 -> 0
A6: ='Students Names and ID'!B3 -> 0 | B6: ='Students Names and ID'!C3 -> 0 | AH6: =SUM(C6:AG6) -> 0 | AI6: =AH6*AI$4/AH$4 -> 0
A7: ='Students Names and ID'!B4 -> 0 | B7: ='Students Names and ID'!C4 -> 0 | AH7: =SUM(C7:AG7) -> 0 | AI7: =AH7*AI$4/AH$4 -> 0
A8: ='Students Names and ID'!B5 -> 0 | B8: ='Students Names and ID'!C5 -> 0 | AH8: =SUM(C8:AG8) -> 0 | AI8: =AH8*AI$4/AH$4 -> 0
A9: ='Students Names and ID'!B6 -> 0 | B9: ='Students Names and ID'!C6 -> 0 | AH9: =SUM(C9:AG9) -> 0 | AI9: =AH9*AI$4/AH$4 -> 0
A10: ='Students Names and ID'!B7 -> 0 | B10: ='Students Names and ID'!C7 -> 0 | AH10: =SUM(C10:AG10) -> 0 | AI10: =AH10*AI$4/AH$4 -> 0
A11: ='Students Names and ID'!B8 -> 0 | B11: ='Students Names and ID'!C8 -> 0 | AH11: =SUM(C11:AG11) -> 0 | AI11: =AH11*AI$4/AH$4 -> 0
A12: ='Students Names and ID'!B9 -> 0 | B12: ='Students Names and ID'!C9 -> 0 | AH12: =SUM(C12:AG12) -> 0 | AI12: =AH12*AI$4/AH$4 -> 0
A13: ='Students Names and ID'!B10 -> 0 | B13: ='Students Names and ID'!C10 -> 0 | AH13: =SUM(C13:AG13) -> 0 | AI13: =AH13*AI$4/AH$4 -> 0
A14: ='Students Names and ID'!B11 -> 0 | B14: ='Students Names and ID'!C11 -> 0 | AH14: =SUM(C14:AG14) -> 0 | AI14: =AH14*AI$4/AH$4 -> 0
A15: ='Students Names and ID'!B12 -> 0 | B15: ='Students Names and ID'!C12 -> 0 | AH15: =SUM(C15:AG15) -> 0 | AI15: =AH15*AI$4/AH$4 -> 0
A16: ='Students Names and ID'!B13 -> 0 | B16: ='Students Names and ID'!C13 -> 0 | AH16: =SUM(C16:AG16) -> 0 | AI16: =AH16*AI$4/AH$4 -> 0
... A44: ='Students Names and ID'!B41 -> 0 | B44: ='Students Names and ID'!C41 -> 0 | AH44: =SUM(C44:AG44) -> 0 | AI44: =AH44*AI$4/AH$4 -> 0
B45: Average | C45: =IF(COUNTBLANK(C5:C44)=40," ",AVERAGE(C5:C44)) | D45: =IF(COUNTBLANK(D5:D44)=40," ",AVERAGE(D5:D44)) | E45: =IF(COUNTBLANK(E5:E44)=40," ",AVERAGE(E5:E44)) | F45: =IF(COUNTBLANK(F5:F44)=40," ",AVERAGE(F5:F44)) | G45: =IF(COUNTBLANK(G5:G44)=40," ",AVERAGE(G5:G44)) | H45: =IF(COUNTBLANK(H5:H44)=40," ",AVERAGE(H5:H44)) | N45: =IF(COUNTBLANK(N5:N44)=40," ",AVERAGE(N5:N44)) | O45: =IF(COUNTBLANK(O5:O44)=40," ",AVERAGE(O5:O44)) | W45: =IF(COUNTBLANK(W5:W44)=40," ",AVERAGE(W5:W44)) | X45: =IF(COUNTBLANK(X5:X44)=40," ",AVERAGE(X5:X44)) | Y45: =IF(COUNTBLANK(Y5:Y44)=40," ",AVERAGE(Y5:Y44)) | Z45: =IF(COUNTBLANK(Z5:Z44)=40," ",AVERAGE(Z5:Z44)) | AA45: =IF(COUNTBLANK(AA5:AA44)=40," ",AVERAGE(AA5:AA44)) | AB45: =IF(COUNTBLANK(AB5:AB44)=40," ",AVERAGE(AB5:AB44)) | AC45: =IF(COUNTBLANK(AC5:AC44)=40," ",AVERAGE(AC5:AC44)) | AD45: =IF(COUNTBLANK(AD5:AD44)=40," ",AVERAGE(AD5:AD44)) | ... AI45: =IF(COUNTBLANK(AI5:AI44)=40," ",AVERAGE(AI5:AI44)) -> 0
B46: Average of 10 | C46: =IF(C45="","",IF(ISERROR(ROUND(C45*10/C3,1))," ",(ROUND(C45*10/C3,1)))) | D46: =IF(D45="","",IF(ISERROR(ROUND(D45*10/D3,1))," ",(ROUND(D45*10/D3,1)))) | E46: =IF(E45="","",IF(ISERROR(ROUND(E45*10/E3,1))," ",(ROUND(E45*10/E3,1)))) | F46: =IF(F45="","",IF(ISERROR(ROUND(F45*10/F3,1))," ",(ROUND(F45*10/F3,1)))) | G46: =IF(G45="","",IF(ISERROR(ROUND(G45*10/G3,1))," ",(ROUND(G45*10/G3,1)))) | H46: =IF(H45="","",IF(ISERROR(ROUND(H45*10/H3,1))," ",(ROUND(H45*10/H3,1)))) | N46: =IF(N45="","",IF(ISERROR(ROUND(N45*10/N3,1))," ",(ROUND(N45*10/N3,1)))) | O46: =IF(O45="","",IF(ISERROR(ROUND(O45*10/O3,1))," ",(ROUND(O45*10/O3,1)))) | W46: =IF(W45="","",IF(ISERROR(ROUND(W45*10/W3,1))," ",(ROUND(W45*10/W3,1)))) | X46: =IF(X45="","",IF(ISERROR(ROUND(X45*10/X3,1))," ",(ROUND(X45*10/X3,1)))) | Y46: =IF(Y45="","",IF(ISERROR(ROUND(Y45*10/Y3,1))," ",(ROUND(Y45*10/Y3,1)))) | Z46: =IF(Z45="","",IF(ISERROR(ROUND(Z45*10/Z3,1))," ",(ROUND(Z45*10/Z3,1)))) | AA46: =IF(AA45="","",IF(ISERROR(ROUND(AA45*10/AA3,1))," ",(ROUND(AA45*10/AA3,1)))) | AB46: =IF(AB45="","",IF(ISERROR(ROUND(AB45*10/AB3,1))," ",(ROUND(AB45*10/AB3,1)))) | AC46: =IF(AC45="","",IF(ISERROR(ROUND(AC45*10/AC3,1))," ",(ROUND(AC45*10/AC3,1)))) | AD46: =IF(AD45="","",IF(ISERROR(ROUND(AD45*10/AD3,1))," ",(ROUND(AD45*10/AD3,1)))) | ... AG46: =IF(AG45="","",IF(ISERROR(ROUND(AG45*10/AG3,1))," ",(ROUND(AG45*10/AG3,1)))) | AH46: =IF(AH45="","",IF(ISERROR(ROUND(AH45*10/AH4,1))," ",(ROUND(AH45*10/AH4,1)))) -> 0 | AI46: =IF(AI45="","",IF(ISERROR(ROUND(AI45*10/AI4,1))," ",(ROUND(AI45*10/AI4,1))))

Sheet Overall Grades
B1: =TODAY() -> 45923
B2: Abu Dhabi Polytechnic
B3: Final Grades Report
B4: =_xlfn.CONCAT('Course Information'!B3,": ",'Course Information'!C3) -> Semester / Academic Year:
B5: CourseTitle: | C5: ='Course Information'!C1 -> 0 | I5: Course Reg. Number (CRN): | K5: ='Course Information'!C5 -> 0
B6: Course ID: | C6: ='Course Information'!C2 -> 0
D8: Semester Work | E8: Midterm 1 | F8: Midterm 2 | G8: Pre-Final Grade | H8: Final Exam | I8: Incomplete Final | J8: Overall Grade | K8: Grades in Letter
B9: Student Name | C9: ID | D9: =SUM('Laboratory Final'!N4,Project!N4,Homework!X4,Quizzes!S4,Laboratory!R4) -> 0 | E9: ='Midterm 1'!AH5 -> 0 | F9: ='Midterm 2'!AJ5 -> 0 | G9: =SUM(D9,E9,F9) -> 0 | H9: ='Final Exam'!AI4 -> 0 | I9: ='Incomplete Final'!AI4 -> 0 | J9: =SUM(G9,H9) -> 0 | K9: A - F | M9: A+ | N9: A | O9: A- | P9: B+ | Q9: B | R9: B- | S9: C+ | T9: C | U9: C- | V9: D+ | W9: D | X9: F
B10: ='Students Names and ID'!B2 -> 0 | C10: ='Students Names and ID'!C2 -> 0 | D10: =SUM(Project!N5,Homework!X5,Quizzes!S5,Laboratory!R5) -> 0 | E10: ='Midterm 1'!AH6 -> 0 | F10: ='Midterm 2'!AJ6 -> 0 | G10: =SUM(D10,E10,F10) -> 0 | H10: ='Final Exam'!AI5 -> 0 | I10: ='Incomplete Final'!AI5 -> 0 | J10: =SUM(G10:I10) -> 0 | K10: =LOOKUP(J10,C$56:C$67, B$56:B$67) -> F | M10: =IF(AND(J10>=94.5,J10<=100),1,"") | N10: =IF(AND(J10>=89.5,J10<94.5),1,"") | O10: =IF(AND(J10>=86.5,J10<89.5),1,"") | P10: =IF(AND(J10>=83.5,J10<86.5),1,"") | Q10: =IF(AND(J10>=79.5,J10<83.5),1,"") | R10: =IF(AND(J10>=76.5,J10<79.5),1,"") | S10: =IF(AND(J10>=73.5,J10<76.5),1,"") | T10: =IF(AND(J10>=69.5,J10<73.5),1,"") | U10: =IF(AND(J10>=66.5,J10<69.5),1,"") | V10: =IF(AND(J10>=62.5,J10<66.5),1,"") | W10: =IF(AND(J10>=59.5,J10<62.5),1,"") | X10: =IF(ISBLANK(J10),0,IF(J10<59.5,1,0)) -> 1
B11: ='Students Names and ID'!B3 -> 0 | C11: ='Students Names and ID'!C3 -> 0 | D11: =SUM(Project!N6,Homework!X6,Quizzes!S6,Laboratory!R6) -> 0 | E11: ='Midterm 1'!AH7 -> 0 | F11: ='Midterm 2'!AJ7 -> 0 | G11: =SUM(D11,E11,F11) -> 0 | H11: ='Final Exam'!AI6 -> 0 | I11: ='Incomplete Final'!AI6 -> 0 | J11: =SUM(G11:I11) -> 0 | K11: =LOOKUP(J11,C$56:C$67, B$56:B$67) -> F | M11: =IF(AND(J11>=94.5,J11<=100),1,"") | N11: =IF(AND(J11>=89.5,J11<94.5),1,"") | O11: =IF(AND(J11>=86.5,J11<89.5),1,"") | P11: =IF(AND(J11>=83.5,J11<86.5),1,"") | Q11: =IF(AND(J11>=79.5,J11<83.5),1,"") | R11: =IF(AND(J11>=76.5,J11<79.5),1,"") | S11: =IF(AND(J11>=73.5,J11<76.5),1,"") | T11: =IF(AND(J11>=69.5,J11<73.5),1,"") | U11: =IF(AND(J11>=66.5,J11<69.5),1,"") | V11: =IF(AND(J11>=62.5,J11<66.5),1,"") | W11: =IF(AND(J11>=59.5,J11<62.5),1,"") | X11: =IF(ISBLANK(J11),0,IF(J11<59.5,1,0)) -> 1
B12: ='Students Names and ID'!B4 -> 0 | C12: ='Students Names and ID'!C4 -> 0 | D12: =SUM(Project!N7,Homework!X7,Quizzes!S7,Laboratory!R7) -> 0 | E12: ='Midterm 1'!AH8 -> 0 | F12: ='Midterm 2'!AJ8 -> 0 | G12: =SUM(D12,E12,F12) -> 0 | H12: ='Final Exam'!AI7 -> 0 | I12: ='Incomplete Final'!AI7 -> 0 | J12: =SUM(G12:I12) -> 0 | K12: =LOOKUP(J12,C$56:C$67, B$56:B$67) -> F | M12: =IF(AND(J12>=94.5,J12<=100),1,"") | N12: =IF(AND(J12>=89.5,J12<94.5),1,"") | O12: =IF(AND(J12>=86.5,J12<89.5),1,"") | P12: =IF(AND(J12>=83.5,J12<86.5),1,"") | Q12: =IF(AND(J12>=79.5,J12<83.5),1,"") | R12: =IF(AND(J12>=76.5,J12<79.5),1,"") | S12: =IF(AND(J12>=73.5,J12<76.5),1,"") | T12: =IF(AND(J12>=69.5,J12<73.5),1,"") | U12: =IF(AND(J12>=66.5,J12<69.5),1,"") | V12: =IF(AND(J12>=62.5,J12<66.5),1,"") | W12: =IF(AND(J12>=59.5,J12<62.5),1,"") | X12: =IF(ISBLANK(J12),0,IF(J12<59.5,1,0)) -> 1
B13: ='Students Names and ID'!B5 -> 0 | C13: ='Students Names and ID'!C5 -> 0 | D13: =SUM(Project!N8,Homework!X8,Quizzes!S8,Laboratory!R8) -> 0 | E13: ='Midterm 1'!AH9 -> 0 | F13: ='Midterm 2'!AJ9 -> 0 | G13: =SUM(D13,E13,F13) -> 0 | H13: ='Final Exam'!AI8 -> 0 | I13: ='Incomplete Final'!AI8 -> 0 | J13: =SUM(G13:I13) -> 0 | K13: =LOOKUP(J13,C$56:C$67, B$56:B$67) -> F | M13: =IF(AND(J13>=94.5,J13<=100),1,"") | N13: =IF(AND(J13>=89.5,J13<94.5),1,"") | O13: =IF(AND(J13>=86.5,J13<89.5),1,"") | P13: =IF(AND(J13>=83.5,J13<86.5),1,"") | Q13: =IF(AND(J13>=79.5,J13<83.5),1,"") | R13: =IF(AND(J13>=76.5,J13<79.5),1,"") | S13: =IF(AND(J13>=73.5,J13<76.5),1,"") | T13: =IF(AND(J13>=69.5,J13<73.5),1,"") | U13: =IF(AND(J13>=66.5,J13<69.5),1,"") | V13: =IF(AND(J13>=62.5,J13<66.5),1,"") | W13: =IF(AND(J13>=59.5,J13<62.5),1,"") | X13: =IF(ISBLANK(J13),0,IF(J13<59.5,1,0)) -> 1
B14: ='Students Names and ID'!B6 -> 0 | C14: ='Students Names and ID'!C6 -> 0 | D14: =SUM(Project!N9,Homework!X9,Quizzes!S9,Laboratory!R9) -> 0 | E14: ='Midterm 1'!AH10 -> 0 | F14: ='Midterm 2'!AJ10 -> 0 | G14: =SUM(D14,E14,F14) -> 0 | H14: ='Final Exam'!AI9 -> 0 | I14: ='Incomplete Final'!AI9 -> 0 | J14: =SUM(G14:I14) -> 0 | K14: =LOOKUP(J14,C$56:C$67, B$56:B$67) -> F | M14: =IF(AND(J14>=94.5,J14<=100),1,"") | N14: =IF(AND(J14>=89.5,J14<94.5),1,"") | O14: =IF(AND(J14>=86.5,J14<89.5),1,"") | P14: =IF(AND(J14>=83.5,J14<86.5),1,"") | Q14: =IF(AND(J14>=79.5,J14<83.5),1,"") | R14: =IF(AND(J14>=76.5,J14<79.5),1,"") | S14: =IF(AND(J14>=73.5,J14<76.5),1,"") | T14: =IF(AND(J14>=69.5,J14<73.5),1,"") | U14: =IF(AND(J14>=66.5,J14<69.5),1,"") | V14: =IF(AND(J14>=62.5,J14<66.5),1,"") | W14: =IF(AND(J14>=59.5,J14<62.5),1,"") | X14: =IF(ISBLANK(J14),0,IF(J14<59.5,1,0)) -> 1
B15: ='Students Names and ID'!B7 -> 0 | C15: ='Students Names and ID'!C7 -> 0 | D15: =SUM(Project!N10,Homework!X10,Quizzes!S10,Laboratory!R10) -> 0 | E15: ='Midterm 1'!AH11 -> 0 | F15: ='Midterm 2'!AJ11 -> 0 | G15: =SUM(D15,E15,F15) -> 0 | H15: ='Final Exam'!AI10 -> 0 | I15: ='Incomplete Final'!AI10 -> 0 | J15: =SUM(G15:I15) -> 0 | K15: =LOOKUP(J15,C$56:C$67, B$56:B$67) -> F | M15: =IF(AND(J15>=94.5,J15<=100),1,"") | N15: =IF(AND(J15>=89.5,J15<94.5),1,"") | O15: =IF(AND(J15>=86.5,J15<89.5),1,"") | P15: =IF(AND(J15>=83.5,J15<86.5),1,"") | Q15: =IF(AND(J15>=79.5,J15<83.5),1,"") | R15: =IF(AND(J15>=76.5,J15<79.5),1,"") | S15: =IF(AND(J15>=73.5,J15<76.5),1,"") | T15: =IF(AND(J15>=69.5,J15<73.5),1,"") | U15: =IF(AND(J15>=66.5,J15<69.5),1,"") | V15: =IF(AND(J15>=62.5,J15<66.5),1,"") | W15: =IF(AND(J15>=59.5,J15<62.5),1,"") | X15: =IF(ISBLANK(J15),0,IF(J15<59.5,1,0)) -> 1
B16: ='Students Names and ID'!B8 -> 0 | C16: ='Students Names and ID'!C8 -> 0 | D16: =SUM(Project!N11,Homework!X11,Quizzes!S11,Laboratory!R11) -> 0 | E16: ='Midterm 1'!AH12 -> 0 | F16: ='Midterm 2'!AJ12 -> 0 | G16: =SUM(D16,E16,F16) -> 0 | H16: ='Final Exam'!AI11 -> 0 | I16: ='Incomplete Final'!AI11 -> 0 | J16: =SUM(G16:I16) -> 0 | K16: =LOOKUP(J16,C$56:C$67, B$56:B$67) -> F | M16: =IF(AND(J16>=94.5,J16<=100),1,"") | N16: =IF(AND(J16>=89.5,J16<94.5),1,"") | O16: =IF(AND(J16>=86.5,J16<89.5),1,"") | P16: =IF(AND(J16>=83.5,J16<86.5),1,"") | Q16: =IF(AND(J16>=79.5,J16<83.5),1,"") | R16: =IF(AND(J16>=76.5,J16<79.5),1,"") | S16: =IF(AND(J16>=73.5,J16<76.5),1,"") | T16: =IF(AND(J16>=69.5,J16<73.5),1,"") | U16: =IF(AND(J16>=66.5,J16<69.5),1,"") | V16: =IF(AND(J16>=62.5,J16<66.5),1,"") | W16: =IF(AND(J16>=59.5,J16<62.5),1,"") | X16: =IF(ISBLANK(J16),0,IF(J16<59.5,1,0)) -> 1
B17: ='Students Names and ID'!B9 -> 0 | C17: ='Students Names and ID'!C9 -> 0 | D17: =SUM(Project!N12,Homework!X12,Quizzes!S12,Laboratory!R12) -> 0 | E17: ='Midterm 1'!AH13 -> 0 | F17: ='Midterm 2'!AJ13 -> 0 | G17: =SUM(D17,E17,F17) -> 0 | H17: ='Final Exam'!AI12 -> 0 | I17: ='Incomplete Final'!AI12 -> 0 | J17: =SUM(G17:I17) -> 0 | K17: =LOOKUP(J17,C$56:C$67, B$56:B$67) -> F | M17: =IF(AND(J17>=94.5,J17<=100),1,"") | N17: =IF(AND(J17>=89.5,J17<94.5),1,"") | O17: =IF(AND(J17>=86.5,J17<89.5),1,"") | P17: =IF(AND(J17>=83.5,J17<86.5),1,"") | Q17: =IF(AND(J17>=79.5,J17<83.5),1,"") | R17: =IF(AND(J17>=76.5,J17<79.5),1,"") | S17: =IF(AND(J17>=73.5,J17<76.5),1,"") | T17: =IF(AND(J17>=69.5,J17<73.5),1,"") | U17: =IF(AND(J17>=66.5,J17<69.5),1,"") | V17: =IF(AND(J17>=62.5,J17<66.5),1,"") | W17: =IF(AND(J17>=59.5,J17<62.5),1,"") | X17: =IF(ISBLANK(J17),0,IF(J17<59.5,1,0)) -> 1
B18: ='Students Names and ID'!B10 -> 0 | C18: ='Students Names and ID'!C10 -> 0 | D18: =SUM(Project!N13,Homework!X13,Quizzes!S13,Laboratory!R13) -> 0 | E18: ='Midterm 1'!AH14 -> 0 | F18: ='Midterm 2'!AJ14 -> 0 | G18: =SUM(D18,E18,F18) -> 0 | H18: ='Final Exam'!AI13 -> 0 | I18: ='Incomplete Final'!AI13 -> 0 | J18: =SUM(G18:I18) -> 0 | K18: =LOOKUP(J18,C$56:C$67, B$56:B$67) -> F | M18: =IF(AND(J18>=94.5,J18<=100),1,"") | N18: =IF(AND(J18>=89.5,J18<94.5),1,"") | O18: =IF(AND(J18>=86.5,J18<89.5),1,"") | P18: =IF(AND(J18>=83.5,J18<86.5),1,"") | Q18: =IF(AND(J18>=79.5,J18<83.5),1,"") | R18: =IF(AND(J18>=76.5,J18<79.5),1,"") | S18: =IF(AND(J18>=73.5,J18<76.5),1,"") | T18: =IF(AND(J18>=69.5,J18<73.5),1,"") | U18: =IF(AND(J18>=66.5,J18<69.5),1,"") | V18: =IF(AND(J18>=62.5,J18<66.5),1,"") | W18: =IF(AND(J18>=59.5,J18<62.5),1,"") | X18: =IF(ISBLANK(J18),0,IF(J18<59.5,1,0)) -> 1
B19: ='Students Names and ID'!B11 -> 0 | C19: ='Students Names and ID'!C11 -> 0 | D19: =SUM(Project!N14,Homework!X14,Quizzes!S14,Laboratory!R14) -> 0 | E19: ='Midterm 1'!AH15 -> 0 | F19: ='Midterm 2'!AJ15 -> 0 | G19: =SUM(D19,E19,F19) -> 0 | H19: ='Final Exam'!AI14 -> 0 | I19: ='Incomplete Final'!AI14 -> 0 | J19: =SUM(G19:I19) -> 0 | K19: =LOOKUP(J19,C$56:C$67, B$56:B$67) -> F | M19: =IF(AND(J19>=94.5,J19<=100),1,"") | N19: =IF(AND(J19>=89.5,J19<94.5),1,"") | O19: =IF(AND(J19>=86.5,J19<89.5),1,"") | P19: =IF(AND(J19>=83.5,J19<86.5),1,"") | Q19: =IF(AND(J19>=79.5,J19<83.5),1,"") | R19: =IF(AND(J19>=76.5,J19<79.5),1,"") | S19: =IF(AND(J19>=73.5,J19<76.5),1,"") | T19: =IF(AND(J19>=69.5,J19<73.5),1,"") | U19: =IF(AND(J19>=66.5,J19<69.5),1,"") | V19: =IF(AND(J19>=62.5,J19<66.5),1,"") | W19: =IF(AND(J19>=59.5,J19<62.5),1,"") | X19: =IF(ISBLANK(J19),0,IF(J19<59.5,1,0)) -> 1
B20: ='Students Names and ID'!B12 -> 0 | C20: ='Students Names and ID'!C12 -> 0 | D20: =SUM(Project!N15,Homework!X15,Quizzes!S15,Laboratory!R15) -> 0 | E20: ='Midterm 1'!AH16 -> 0 | F20: ='Midterm 2'!AJ16 -> 0 | G20: =SUM(D20,E20,F20) -> 0 | H20: ='Final Exam'!AI15 -> 0 | I20: ='Incomplete Final'!AI15 -> 0 | J20: =SUM(G20:I20) -> 0 | K20: =LOOKUP(J20,C$56:C$67, B$56:B$67) -> F | M20: =IF(AND(J20>=94.5,J20<=100),1,"") | N20: =IF(AND(J20>=89.5,J20<94.5),1,"") | O20: =IF(AND(J20>=86.5,J20<89.5),1,"") | P20: =IF(AND(J20>=83.5,J20<86.5),1,"") | Q20: =IF(AND(J20>=79.5,J20<83.5),1,"") | R20: =IF(AND(J20>=76.5,J20<79.5),1,"") | S20: =IF(AND(J20>=73.5,J20<76.5),1,"") | T20: =IF(AND(J20>=69.5,J20<73.5),1,"") | U20: =IF(AND(J20>=66.5,J20<69.5),1,"") | V20: =IF(AND(J20>=62.5,J20<66.5),1,"") | W20: =IF(AND(J20>=59.5,J20<62.5),1,"") | X20: =IF(ISBLANK(J20),0,IF(J20<59.5,1,0)) -> 1
B21: ='Students Names and ID'!B13 -> 0 | C21: ='Students Names and ID'!C13 -> 0 | D21: =SUM(Project!N16,Homework!X16,Quizzes!S16,Laboratory!R16) -> 0 | E21: ='Midterm 1'!AH17 -> 0 | F21: ='Midterm 2'!AJ17 -> 0 | G21: =SUM(D21,E21,F21) -> 0 | H21: ='Final Exam'!AI16 -> 0 | I21: ='Incomplete Final'!AI16 -> 0 | J21: =SUM(G21:I21) -> 0 | K21: =LOOKUP(J21,C$56:C$67, B$56:B$67) -> F | M21: =IF(AND(J21>=94.5,J21<=100),1,"") | N21: =IF(AND(J21>=89.5,J21<94.5),1,"") | O21: =IF(AND(J21>=86.5,J21<89.5),1,"") | P21: =IF(AND(J21>=83.5,J21<86.5),1,"") | Q21: =IF(AND(J21>=79.5,J21<83.5),1,"") | R21: =IF(AND(J21>=76.5,J21<79.5),1,"") | S21: =IF(AND(J21>=73.5,J21<76.5),1,"") | T21: =IF(AND(J21>=69.5,J21<73.5),1,"") | U21: =IF(AND(J21>=66.5,J21<69.5),1,"") | V21: =IF(AND(J21>=62.5,J21<66.5),1,"") | W21: =IF(AND(J21>=59.5,J21<62.5),1,"") | X21: =IF(ISBLANK(J21),0,IF(J21<59.5,1,0)) -> 1
... B49: ='Students Names and ID'!B41 -> 0 | C49: ='Students Names and ID'!C41 -> 0 | D49: =SUM(Project!N44,Homework!X44,Quizzes!S44,Laboratory!R44) -> 0 | E49: ='Midterm 1'!AH45 -> 0 | F49: ='Midterm 2'!AJ45 -> 0 | G49: =SUM(D49,E49,F49) -> 0 | H49: ='Final Exam'!AI44 -> 0 | I49: ='Incomplete Final'!AI44 -> 0 | J49: =SUM(G49:I49) -> 0 | K49: =LOOKUP(J49,C$56:C$67, B$56:B$67) -> F | M49: =IF(AND(J49>=94.5,J49<=100),1,"") | N49: =IF(AND(J49>=89.5,J49<94.5),1,"") | O49: =IF(AND(J49>=86.5,J49<89.5),1,"") | P49: =IF(AND(J49>=83.5,J49<86.5),1,"") | Q49: =IF(AND(J49>=79.5,J49<83.5),1,"") | R49: =IF(AND(J49>=76.5,J49<79.5),1,"") | S49: =IF(AND(J49>=73.5,J49<76.5),1,"") | T49: =IF(AND(J49>=69.5,J49<73.5),1,"") | U49: =IF(AND(J49>=66.5,J49<69.5),1,"") | V49: =IF(AND(J49>=62.5,J49<66.5),1,"") | W49: =IF(AND(J49>=59.5,J49<62.5),1,"") | X49: =IF(ISBLANK(J49),0,IF(J49<59.5,1,0)) -> 1
C50: Average | D50: =IF(ISERROR(AVERAGE(D10:D49))," ",AVERAGE(D10:D49)) -> 0 | E50: =IF(ISERROR(AVERAGE(E10:E49))," ",AVERAGE(E10:E49)) -> 0 | F50: =IF(ISERROR(AVERAGE(F10:F49))," ",AVERAGE(F10:F49)) -> 0 | G50: =IF(ISERROR(AVERAGE(G10:G49))," ",AVERAGE(G10:G49)) -> 0 | H50: =IF(ISERROR(AVERAGE(H10:H49))," ",AVERAGE(H10:H49)) -> 0 | I50: =IF(ISERROR(AVERAGE(I10:I49))," ",AVERAGE(I10:I49)) -> 0 | J50: =IF(ISERROR(AVERAGE(J10:J49))," ",AVERAGE(J10:J49)) -> 0 | M50: =SUM(M10:M49) -> 0 | N50: =SUM(N10:N49) -> 0 | O50: =SUM(O10:O49) -> 0 | P50: =SUM(P10:P49) -> 0 | Q50: =SUM(Q10:Q49) -> 0 | R50: =SUM(R10:R49) -> 0 | S50: =SUM(S10:S49) -> 0 | T50: =SUM(T10:T49) -> 0 | ... X50: =SUM(X10:X49) -> 40
B55: Grading Policy | D55: No. of Students | E55: Percent
B56: F | C56: 0 | D56: =X50 -> 40 | E56: =D56/'Course Information'!C6 -> #DIV/0!
B57: D | C57: 59.5 | D57: =W50 -> 0 | E57: =D57/'Course Information'!C6 -> #DIV/0!
B58: D+ | C58: 62.5 | D58: =V50 -> 0 | E58: =D58/'Course Information'!C6 -> #DIV/0!
B59: C- | C59: 66.5 | D59: =U50 -> 0 | E59: =D59/'Course Information'!C6 -> #DIV/0!
B60: C | C60: 69.5 | D60: =T50 -> 0 | E60: =D60/'Course Information'!C6 -> #DIV/0!
B61: C+ | C61: 73.5 | D61: =S50 -> 0 | E61: =D61/'Course Information'!C6 -> #DIV/0!
B62: B- | C62: 76.5 | D62: =R50 -> 0 | E62: =D62/'Course Information'!C6 -> #DIV/0!
B63: B | C63: 79.5 | D63: =Q50 -> 0 | E63: =D63/'Course Information'!C6 -> #DIV/0!
B64: B+ | C64: 83.5 | D64: =P50 -> 0 | E64: =D64/'Course Information'!C6 -> #DIV/0!
B65: A- | C65: 86.5 | D65: =O50 -> 0 | E65: =D65/'Course Information'!C6 -> #DIV/0!
B66: A | C66: 89.5 | D66: =N50 -> 0 | E66: =D66/'Course Information'!C6 -> #DIV/0!
B67: A+ | C67: 94.5 | D67: =M50 -> 0 | E67: =D67/'Course Information'!C6 -> #DIV/0!
B68: Total | D68: =SUM(D56:D67) -> 40 | E68: =SUM(E56:E67) -> #DIV/0!
B71: Instructor Name: | C71: ='Course Information'!C4 -> 0 | G71: Instructor Signature: ……………………………………………………………………………
B73: Program Title / Department: | C73: EMET | G73: Program Head's Name & Signature: ………………………………………………………….

Sheet Curved Overall Grades
C1: Curved Quarter Work | D1: Curved Midterm 1 | E1: Curved Midterm 2 | F1: Total before Final | G1: Curved Final Exam | H1: Overall Grade | I1: Grades in Letter
A2: Student Name | B2: ID | I2: A - F | K2: Grading Policy
A3: ='Students Names and ID'!B2 -> 0 | B3: ='Students Names and ID'!C2 -> 0 | K3: F | L3: 0
A4: ='Students Names and ID'!B3 -> 0 | B4: ='Students Names and ID'!C3 -> 0 | K4: D | L4: 59.5
A5: ='Students Names and ID'!B4 -> 0 | B5: ='Students Names and ID'!C4 -> 0 | K5: D+ | L5: 64.5
A6: ='Students Names and ID'!B5 -> 0 | B6: ='Students Names and ID'!C5 -> 0 | K6: C | L6: 69.5
A7: ='Students Names and ID'!B6 -> 0 | B7: ='Students Names and ID'!C6 -> 0 | K7: C+ | L7: 74.5
A8: ='Students Names and ID'!B7 -> 0 | B8: ='Students Names and ID'!C7 -> 0 | K8: B | L8: 79.5
A9: ='Students Names and ID'!B8 -> 0 | B9: ='Students Names and ID'!C8 -> 0 | K9: B+ | L9: 84.5
A10: ='Students Names and ID'!B9 -> 0 | B10: ='Students Names and ID'!C9 -> 0 | K10: A | L10: 89.5
A11: ='Students Names and ID'!B10 -> 0 | B11: ='Students Names and ID'!C10 -> 0
A12: ='Students Names and ID'!B11 -> 0 | B12: ='Students Names and ID'!C11 -> 0
A13: ='Students Names and ID'!B12 -> 0 | B13: ='Students Names and ID'!C12 -> 0
A14: ='Students Names and ID'!B13 -> 0 | B14: ='Students Names and ID'!C13 -> 0
A15: ='Students Names and ID'!B14 -> 0 | B15: ='Students Names and ID'!C14 -> 0
A16: ='Students Names and ID'!B15 -> 0 | B16: ='Students Names and ID'!C15 -> 0
A17: ='Students Names and ID'!B16 -> 0 | B17: ='Students Names and ID'!C16 -> 0
A18: ='Students Names and ID'!B17 -> 0 | B18: ='Students Names and ID'!C17 -> 0
A19: ='Students Names and ID'!B18 -> 0 | B19: ='Students Names and ID'!C18 -> 0
A20: ='Students Names and ID'!B19 -> 0 | B20: ='Students Names and ID'!C19 -> 0
A21: ='Students Names and ID'!B20 -> 0 | B21: ='Students Names and ID'!C20 -> 0
A22: ='Students Names and ID'!B21 -> 0 | B22: ='Students Names and ID'!C21 -> 0
... A32: ='Students Names and ID'!B31 -> 0 | B32: ='Students Names and ID'!C31 -> 0
A33: ='Students Names and ID'!B32 -> 0 | B33: ='Students Names and ID'!C32 -> 0 | C33: =SUM('Laboratory Final'!N35,Project!N35,Homework!X35,Quizzes!S35,Laboratory!R35) -> 0 | F33: =SUM(C33,D33) -> 0
A34: ='Students Names and ID'!B33 -> 0 | B34: ='Students Names and ID'!C33 -> 0 | C34: =SUM('Laboratory Final'!N36,Project!N36,Homework!X36,Quizzes!S36,Laboratory!R36) -> 0 | F34: =SUM(C34,D34) -> 0
A35: ='Students Names and ID'!B34 -> 0 | B35: ='Students Names and ID'!C34 -> 0 | C35: =SUM('Laboratory Final'!N37,Project!N37,Homework!X37,Quizzes!S37,Laboratory!R37) -> 0 | F35: =SUM(C35,D35) -> 0
A36: ='Students Names and ID'!B35 -> 0 | B36: ='Students Names and ID'!C35 -> 0 | C36: =SUM('Laboratory Final'!N38,Project!N38,Homework!X38,Quizzes!S38,Laboratory!R38) -> 0 | F36: =SUM(C36,D36) -> 0
A37: ='Students Names and ID'!B36 -> 0 | B37: ='Students Names and ID'!C36 -> 0 | C37: =SUM('Laboratory Final'!N39,Project!N39,Homework!X39,Quizzes!S39,Laboratory!R39) -> 0 | F37: =SUM(C37,D37) -> 0
A38: ='Students Names and ID'!B37 -> 0 | B38: ='Students Names and ID'!C37 -> 0 | C38: =SUM('Laboratory Final'!N40,Project!N40,Homework!X40,Quizzes!S40,Laboratory!R40) -> 0 | F38: =SUM(C38,D38) -> 0
A39: ='Students Names and ID'!B38 -> 0 | B39: ='Students Names and ID'!C38 -> 0 | C39: =SUM('Laboratory Final'!N41,Project!N41,Homework!X41,Quizzes!S41,Laboratory!R41) -> 0 | F39: =SUM(C39,D39) -> 0
A40: ='Students Names and ID'!B39 -> 0 | B40: ='Students Names and ID'!C39 -> 0 | C40: =SUM('Laboratory Final'!N42,Project!N42,Homework!X42,Quizzes!S42,Laboratory!R42) -> 0 | F40: =SUM(C40,D40) -> 0
A41: ='Students Names and ID'!B40 -> 0 | B41: ='Students Names and ID'!C40 -> 0 | C41: =SUM('Laboratory Final'!N43,Project!N43,Homework!X43,Quizzes!S43,Laboratory!R43) -> 0 | F41: =SUM(C41,D41) -> 0
A42: ='Students Names and ID'!B41 -> 0 | B42: ='Students Names and ID'!C41 -> 0 | C42: =SUM('Laboratory Final'!N44,Project!N44,Homework!X44,Quizzes!S44,Laboratory!R44) -> 0 | F42: =SUM(C42,D42) -> 0
B43: Average | C43: =IF(ISERROR(AVERAGE(C3:C27))," ",AVERAGE(C3:C27)) | D43: =IF(ISERROR(AVERAGE(D3:D27))," ",AVERAGE(D3:D27)) | E43: =IF(ISERROR(AVERAGE(E3:E27))," ",AVERAGE(E3:E27)) | F43: =IF(ISERROR(AVERAGE(F3:F27))," ",AVERAGE(F3:F27)) | G43: =IF(ISERROR(AVERAGE(G3:G27))," ",AVERAGE(G3:G27)) | H43: =IF(ISERROR(AVERAGE(H3:H27))," ",AVERAGE(H3:H27))

Sheet Students Survey
A1: Evaluation | C1: 5 | D1: 5 | E1: 5 | F1: 5 | G1: 5 | H1: 5 | I1: 5 | J1: 5 | K1: 5 | L1: 5 | M1: 5 | N1: 5 | P1: # of students who did attemp the survey
C2: LO1 | D2: LO2 | E2: LO3 | F2: LO4 | G2: LO5 | H2: LO6 | I2: LO7 | J2: LO8 | K2: LO9 | L2: LO10 | M2: LO11 | N2: LO12
A3: Strongly Agree
A4: Agree
A5: Neutral
A6: Disagree
A7: Strongly Disagree
A8: Unanswered
A44: Calculations | C44: =(5*'Students Survey'!C3*$P$2/100+4*'Students Survey'!C4*$P$2/100+3*'Students Survey'!C5*$P$2/100+2*'Students Survey'!C6*$P$2/100+1*'Students Survey'!C7*$P$2/100)/($P$2-(C8*$P$2/100)) -> #DIV/0! | D44: =(5*'Students Survey'!D3*$P$2/100+4*'Students Survey'!D4*$P$2/100+3*'Students Survey'!D5*$P$2/100+2*'Students Survey'!D6*$P$2/100+1*'Students Survey'!D7*$P$2/100)/($P$2-(D8*$P$2/100)) -> #DIV/0! | E44: =(5*'Students Survey'!E3*$P$2/100+4*'Students Survey'!E4*$P$2/100+3*'Students Survey'!E5*$P$2/100+2*'Students Survey'!E6*$P$2/100+1*'Students Survey'!E7*$P$2/100)/($P$2-(E8*$P$2/100)) -> #DIV/0! | F44: =(5*'Students Survey'!F3*$P$2/100+4*'Students Survey'!F4*$P$2/100+3*'Students Survey'!F5*$P$2/100+2*'Students Survey'!F6*$P$2/100+1*'Students Survey'!F7*$P$2/100)/($P$2-(F8*$P$2/100)) -> #DIV/0! | G44: =(5*'Students Survey'!G3*$P$2/100+4*'Students Survey'!G4*$P$2/100+3*'Students Survey'!G5*$P$2/100+2*'Students Survey'!G6*$P$2/100+1*'Students Survey'!G7*$P$2/100)/($P$2-(G8*$P$2/100)) -> #DIV/0! | H44: =(5*'Students Survey'!H3*$P$2/100+4*'Students Survey'!H4*$P$2/100+3*'Students Survey'!H5*$P$2/100+2*'Students Survey'!H6*$P$2/100+1*'Students Survey'!H7*$P$2/100)/($P$2-(H8*$P$2/100)) -> #DIV/0! | I44: =(5*'Students Survey'!I3*$P$2/100+4*'Students Survey'!I4*$P$2/100+3*'Students Survey'!I5*$P$2/100+2*'Students Survey'!I6*$P$2/100+1*'Students Survey'!I7*$P$2/100)/($P$2-(I8*$P$2/100)) -> #DIV/0! | J44: =(5*'Students Survey'!J3*$P$2/100+4*'Students Survey'!J4*$P$2/100+3*'Students Survey'!J5*$P$2/100+2*'Students Survey'!J6*$P$2/100+1*'Students Survey'!J7*$P$2/100)/($P$2-(J8*$P$2/100)) -> #DIV/0! | ... N44: =(5*'Students Survey'!N3*$P$2/100+4*'Students Survey'!N4*$P$2/100+3*'Students Survey'!N5*$P$2/100+2*'Students Survey'!N6*$P$2/100+1*'Students Survey'!N7*$P$2/100)/($P$2-(N8*$P$2/100)) -> #DIV/0!
A45: Average | C45: =IF(SUM(C3:C7)=0," ", C44) | D45: =IF(SUM(D3:D7)=0," ", D44) | E45: =IF(SUM(E3:E7)=0," ", E44) | F45: =IF(SUM(F3:F7)=0," ", F44) | G45: =IF(SUM(G3:G7)=0," ", G44) | H45: =IF(SUM(H3:H7)=0," ", H44) | I45: =IF(SUM(I3:I7)=0," ", I44) | J45: =IF(SUM(J3:J7)=0," ", J44) | ... N45: =IF(SUM(N3:N7)=0," ", N44)

Sheet Course Analysis
A1: Course Analysis Sheet
B26: Quantitative Assessment Mapped to AD-Polytechnic Students Learning Outcome
A27: Course Out Come No. | B27: SO1 | D27: SO2 | F27: SO3 | H27: SO4 | J27: SO5 | L27: SO6 | N27: SO7 | P27: SO8 | R27: SO9 | T27: SO10 | V27: SO11 | X27: SO12 | AB27: Q SO's
A28: 1 | B28: =IF('Course Analysis'!B$42='Course Information'!$C10,'Course Report'!$J10," ") | C28: =IF('Course Analysis'!C$42='Course Information'!$D10,'Course Report'!$J10," ") | D28: =IF('Course Analysis'!D$42='Course Information'!$C10,'Course Report'!$J10," ") | E28: =IF('Course Analysis'!E$42='Course Information'!$D10,'Course Report'!$J10," ") | F28: =IF('Course Analysis'!F$42='Course Information'!$C10,'Course Report'!$J10," ") | G28: =IF('Course Analysis'!G$42='Course Information'!$D10,'Course Report'!$J10," ") | H28: =IF('Course Analysis'!H$42='Course Information'!$C10,'Course Report'!$J10," ") | I28: =IF('Course Analysis'!I$42='Course Information'!$D10,'Course Report'!$J10," ") | J28: =IF('Course Analysis'!J$42='Course Information'!$C10,'Course Report'!$J10," ") | K28: =IF('Course Analysis'!K$42='Course Information'!$D10,'Course Report'!$J10," ") | L28: =IF('Course Analysis'!L$42='Course Information'!$C10,'Course Report'!$J10," ") | M28: =IF('Course Analysis'!M$42='Course Information'!$D10,'Course Report'!$J10," ") | N28: =IF('Course Analysis'!N$42='Course Information'!$C10,'Course Report'!$J10," ") | O28: =IF('Course Analysis'!O$42='Course Information'!$D10,'Course Report'!$J10," ") | P28: =IF('Course Analysis'!P$42='Course Information'!$C10,'Course Report'!$J10," ") | Q28: =IF('Course Analysis'!Q$42='Course Information'!$D10,'Course Report'!$J10," ") | R28: =IF('Course Analysis'!R$42='Course Information'!$C10,'Course Report'!$J10," ") | S28: =IF('Course Analysis'!S$42='Course Information'!$D10,'Course Report'!$J10," ") | T28: =IF('Course Analysis'!T$42='Course Information'!$C10,'Course Report'!$J10," ") | U28: =IF('Course Analysis'!U$42='Course Information'!$D10,'Course Report'!$J10," ") | V28: =IF('Course Analysis'!V$42='Course Information'!$C10,'Course Report'!$J10," ") | W28: =IF('Course Analysis'!W$42='Course Information'!$D10,'Course Report'!$J10," ") | X28: =IF('Course Analysis'!X$42='Course Information'!$C10,'Course Report'!$J10," ") | Y28: =IF('Course Analysis'!Y$42='Course Information'!$D10,'Course Report'!$J10," ") | AB28: =B41
A29: 2 | B29: =IF('Course Analysis'!B$42='Course Information'!$C11,'Course Report'!$J11," ") | C29: =IF('Course Analysis'!C$42='Course Information'!$D11,'Course Report'!$J11," ") | D29: =IF('Course Analysis'!D$42='Course Information'!$C11,'Course Report'!$J11," ") | E29: =IF('Course Analysis'!E$42='Course Information'!$D11,'Course Report'!$J11," ") | F29: =IF('Course Analysis'!F$42='Course Information'!$C11,'Course Report'!$J11," ") | G29: =IF('Course Analysis'!G$42='Course Information'!$D11,'Course Report'!$J11," ") | H29: =IF('Course Analysis'!H$42='Course Information'!$C11,'Course Report'!$J11," ") | I29: =IF('Course Analysis'!I$42='Course Information'!$D11,'Course Report'!$J11," ") | J29: =IF('Course Analysis'!J$42='Course Information'!$C11,'Course Report'!$J11," ") | K29: =IF('Course Analysis'!K$42='Course Information'!$D11,'Course Report'!$J11," ") | L29: =IF('Course Analysis'!L$42='Course Information'!$C11,'Course Report'!$J11," ") | M29: =IF('Course Analysis'!M$42='Course Information'!$D11,'Course Report'!$J11," ") | N29: =IF('Course Analysis'!N$42='Course Information'!$C11,'Course Report'!$J11," ") | O29: =IF('Course Analysis'!O$42='Course Information'!$D11,'Course Report'!$J11," ") | P29: =IF('Course Analysis'!P$42='Course Information'!$C11,'Course Report'!$J11," ") | Q29: =IF('Course Analysis'!Q$42='Course Information'!$D11,'Course Report'!$J11," ") | R29: =IF('Course Analysis'!R$42='Course Information'!$C11,'Course Report'!$J11," ") | S29: =IF('Course Analysis'!S$42='Course Information'!$D11,'Course Report'!$J11," ") | T29: =IF('Course Analysis'!T$42='Course Information'!$C11,'Course Report'!$J11," ") | U29: =IF('Course Analysis'!U$42='Course Information'!$D11,'Course Report'!$J11," ") | V29: =IF('Course Analysis'!V$42='Course Information'!$C11,'Course Report'!$J11," ") | W29: =IF('Course Analysis'!W$42='Course Information'!$D11,'Course Report'!$J11," ") | X29: =IF('Course Analysis'!X$42='Course Information'!$C11,'Course Report'!$J11," ") | Y29: =IF('Course Analysis'!Y$42='Course Information'!$D11,'Course Report'!$J11," ") | AB29: =D41
A30: 3 | B30: =IF('Course Analysis'!B$42='Course Information'!$C12,'Course Report'!$J12," ") | C30: =IF('Course Analysis'!C$42='Course Information'!$D12,'Course Report'!$J12," ") | D30: =IF('Course Analysis'!D$42='Course Information'!$C12,'Course Report'!$J12," ") | E30: =IF('Course Analysis'!E$42='Course Information'!$D12,'Course Report'!$J12," ") | F30: =IF('Course Analysis'!F$42='Course Information'!$C12,'Course Report'!$J12," ") | G30: =IF('Course Analysis'!G$42='Course Information'!$D12,'Course Report'!$J12," ") | H30: =IF('Course Analysis'!H$42='Course Information'!$C12,'Course Report'!$J12," ") | I30: =IF('Course Analysis'!I$42='Course Information'!$D12,'Course Report'!$J12," ") | J30: =IF('Course Analysis'!J$42='Course Information'!$C12,'Course Report'!$J12," ") | K30: =IF('Course Analysis'!K$42='Course Information'!$D12,'Course Report'!$J12," ") | L30: =IF('Course Analysis'!L$42='Course Information'!$C12,'Course Report'!$J12," ") | M30: =IF('Course Analysis'!M$42='Course Information'!$D12,'Course Report'!$J12," ") | N30: =IF('Course Analysis'!N$42='Course Information'!$C12,'Course Report'!$J12," ") | O30: =IF('Course Analysis'!O$42='Course Information'!$D12,'Course Report'!$J12," ") | P30: =IF('Course Analysis'!P$42='Course Information'!$C12,'Course Report'!$J12," ") | Q30: =IF('Course Analysis'!Q$42='Course Information'!$D12,'Course Report'!$J12," ") | R30: =IF('Course Analysis'!R$42='Course Information'!$C12,'Course Report'!$J12," ") | S30: =IF('Course Analysis'!S$42='Course Information'!$D12,'Course Report'!$J12," ") | T30: =IF('Course Analysis'!T$42='Course Information'!$C12,'Course Report'!$J12," ") | U30: =IF('Course Analysis'!U$42='Course Information'!$D12,'Course Report'!$J12," ") | V30: =IF('Course Analysis'!V$42='Course Information'!$C12,'Course Report'!$J12," ") | W30: =IF('Course Analysis'!W$42='Course Information'!$D12,'Course Report'!$J12," ") | X30: =IF('Course Analysis'!X$42='Course Information'!$C12,'Course Report'!$J12," ") | Y30: =IF('Course Analysis'!Y$42='Course Information'!$D12,'Course Report'!$J12," ") | AB30: =F41
A31: 4 | B31: =IF('Course Analysis'!B$42='Course Information'!$C13,'Course Report'!$J13," ") | C31: =IF('Course Analysis'!C$42='Course Information'!$D13,'Course Report'!$J13," ") | D31: =IF('Course Analysis'!D$42='Course Information'!$C13,'Course Report'!$J13," ") | E31: =IF('Course Analysis'!E$42='Course Information'!$D13,'Course Report'!$J13," ") | F31: =IF('Course Analysis'!F$42='Course Information'!$C13,'Course Report'!$J13," ") | G31: =IF('Course Analysis'!G$42='Course Information'!$D13,'Course Report'!$J13," ") | H31: =IF('Course Analysis'!H$42='Course Information'!$C13,'Course Report'!$J13," ") | I31: =IF('Course Analysis'!I$42='Course Information'!$D13,'Course Report'!$J13," ") | J31: =IF('Course Analysis'!J$42='Course Information'!$C13,'Course Report'!$J13," ") | K31: =IF('Course Analysis'!K$42='Course Information'!$D13,'Course Report'!$J13," ") | L31: =IF('Course Analysis'!L$42='Course Information'!$C13,'Course Report'!$J13," ") | M31: =IF('Course Analysis'!M$42='Course Information'!$D13,'Course Report'!$J13," ") | N31: =IF('Course Analysis'!N$42='Course Information'!$C13,'Course Report'!$J13," ") | O31: =IF('Course Analysis'!O$42='Course Information'!$D13,'Course Report'!$J13," ") | P31: =IF('Course Analysis'!P$42='Course Information'!$C13,'Course Report'!$J13," ") | Q31: =IF('Course Analysis'!Q$42='Course Information'!$D13,'Course Report'!$J13," ") | R31: =IF('Course Analysis'!R$42='Course Information'!$C13,'Course Report'!$J13," ") | S31: =IF('Course Analysis'!S$42='Course Information'!$D13,'Course Report'!$J13," ") | T31: =IF('Course Analysis'!T$42='Course Information'!$C13,'Course Report'!$J13," ") | U31: =IF('Course Analysis'!U$42='Course Information'!$D13,'Course Report'!$J13," ") | V31: =IF('Course Analysis'!V$42='Course Information'!$C13,'Course Report'!$J13," ") | W31: =IF('Course Analysis'!W$42='Course Information'!$D13,'Course Report'!$J13," ") | X31: =IF('Course Analysis'!X$42='Course Information'!$C13,'Course Report'!$J13," ") | Y31: =IF('Course Analysis'!Y$42='Course Information'!$D13,'Course Report'!$J13," ") | AB31: =H41
A32: 5 | B32: =IF('Course Analysis'!B$42='Course Information'!$C14,'Course Report'!$J14," ") | C32: =IF('Course Analysis'!C$42='Course Information'!$D14,'Course Report'!$J14," ") | D32: =IF('Course Analysis'!D$42='Course Information'!$C14,'Course Report'!$J14," ") | E32: =IF('Course Analysis'!E$42='Course Information'!$D14,'Course Report'!$J14," ") | F32: =IF('Course Analysis'!F$42='Course Information'!$C14,'Course Report'!$J14," ") | G32: =IF('Course Analysis'!G$42='Course Information'!$D14,'Course Report'!$J14," ") | H32: =IF('Course Analysis'!H$42='Course Information'!$C14,'Course Report'!$J14," ") | I32: =IF('Course Analysis'!I$42='Course Information'!$D14,'Course Report'!$J14," ") | J32: =IF('Course Analysis'!J$42='Course Information'!$C14,'Course Report'!$J14," ") | K32: =IF('Course Analysis'!K$42='Course Information'!$D14,'Course Report'!$J14," ") | L32: =IF('Course Analysis'!L$42='Course Information'!$C14,'Course Report'!$J14," ") | M32: =IF('Course Analysis'!M$42='Course Information'!$D14,'Course Report'!$J14," ") | N32: =IF('Course Analysis'!N$42='Course Information'!$C14,'Course Report'!$J14," ") | O32: =IF('Course Analysis'!O$42='Course Information'!$D14,'Course Report'!$J14," ") | P32: =IF('Course Analysis'!P$42='Course Information'!$C14,'Course Report'!$J14," ") | Q32: =IF('Course Analysis'!Q$42='Course Information'!$D14,'Course Report'!$J14," ") | R32: =IF('Course Analysis'!R$42='Course Information'!$C14,'Course Report'!$J14," ") | S32: =IF('Course Analysis'!S$42='Course Information'!$D14,'Course Report'!$J14," ") | T32: =IF('Course Analysis'!T$42='Course Information'!$C14,'Course Report'!$J14," ") | U32: =IF('Course Analysis'!U$42='Course Information'!$D14,'Course Report'!$J14," ") | V32: =IF('Course Analysis'!V$42='Course Information'!$C14,'Course Report'!$J14," ") | W32: =IF('Course Analysis'!W$42='Course Information'!$D14,'Course Report'!$J14," ") | X32: =IF('Course Analysis'!X$42='Course Information'!$C14,'Course Report'!$J14," ") | Y32: =IF('Course Analysis'!Y$42='Course Information'!$D14,'Course Report'!$J14," ") | AB32: =J41
A33: 6 | B33: =IF('Course Analysis'!B$42='Course Information'!$C15,'Course Report'!$J15," ") | C33: =IF('Course Analysis'!C$42='Course Information'!$D15,'Course Report'!$J15," ") | D33: =IF('Course Analysis'!D$42='Course Information'!$C15,'Course Report'!$J15," ") | E33: =IF('Course Analysis'!E$42='Course Information'!$D15,'Course Report'!$J15," ") | F33: =IF('Course Analysis'!F$42='Course Information'!$C15,'Course Report'!$J15," ") | G33: =IF('Course Analysis'!G$42='Course Information'!$D15,'Course Report'!$J15," ") | H33: =IF('Course Analysis'!H$42='Course Information'!$C15,'Course Report'!$J15," ") | I33: =IF('Course Analysis'!I$42='Course Information'!$D15,'Course Report'!$J15," ") | J33: =IF('Course Analysis'!J$42='Course Information'!$C15,'Course Report'!$J15," ") | K33: =IF('Course Analysis'!K$42='Course Information'!$D15,'Course Report'!$J15," ") | L33: =IF('Course Analysis'!L$42='Course Information'!$C15,'Course Report'!$J15," ") | M33: =IF('Course Analysis'!M$42='Course Information'!$D15,'Course Report'!$J15," ") | N33: =IF('Course Analysis'!N$42='Course Information'!$C15,'Course Report'!$J15," ") | O33: =IF('Course Analysis'!O$42='Course Information'!$D15,'Course Report'!$J15," ") | P33: =IF('Course Analysis'!P$42='Course Information'!$C15,'Course Report'!$J15," ") | Q33: =IF('Course Analysis'!Q$42='Course Information'!$D15,'Course Report'!$J15," ") | R33: =IF('Course Analysis'!R$42='Course Information'!$C15,'Course Report'!$J15," ") | S33: =IF('Course Analysis'!S$42='Course Information'!$D15,'Course Report'!$J15," ") | T33: =IF('Course Analysis'!T$42='Course Information'!$C15,'Course Report'!$J15," ") | U33: =IF('Course Analysis'!U$42='Course Information'!$D15,'Course Report'!$J15," ") | V33: =IF('Course Analysis'!V$42='Course Information'!$C15,'Course Report'!$J15," ") | W33: =IF('Course Analysis'!W$42='Course Information'!$D15,'Course Report'!$J15," ") | X33: =IF('Course Analysis'!X$42='Course Information'!$C15,'Course Report'!$J15," ") | Y33: =IF('Course Analysis'!Y$42='Course Information'!$D15,'Course Report'!$J15," ") | AB33: =L41
A34: 7 | B34: =IF('Course Analysis'!B$42='Course Information'!$C16,'Course Report'!$J16," ") | C34: =IF('Course Analysis'!C$42='Course Information'!$D16,'Course Report'!$J16," ") | D34: =IF('Course Analysis'!D$42='Course Information'!$C16,'Course Report'!$J16," ") | E34: =IF('Course Analysis'!E$42='Course Information'!$D16,'Course Report'!$J16," ") | F34: =IF('Course Analysis'!F$42='Course Information'!$C16,'Course Report'!$J16," ") | G34: =IF('Course Analysis'!G$42='Course Information'!$D16,'Course Report'!$J16," ") | H34: =IF('Course Analysis'!H$42='Course Information'!$C16,'Course Report'!$J16," ") | I34: =IF('Course Analysis'!I$42='Course Information'!$D16,'Course Report'!$J16," ") | J34: =IF('Course Analysis'!J$42='Course Information'!$C16,'Course Report'!$J16," ") | K34: =IF('Course Analysis'!K$42='Course Information'!$D16,'Course Report'!$J16," ") | L34: =IF('Course Analysis'!L$42='Course Information'!$C16,'Course Report'!$J16," ") | M34: =IF('Course Analysis'!M$42='Course Information'!$D16,'Course Report'!$J16," ") | N34: =IF('Course Analysis'!N$42='Course Information'!$C16,'Course Report'!$J16," ") | O34: =IF('Course Analysis'!O$42='Course Information'!$D16,'Course Report'!$J16," ") | P34: =IF('Course Analysis'!P$42='Course Information'!$C16,'Course Report'!$J16," ") | Q34: =IF('Course Analysis'!Q$42='Course Information'!$D16,'Course Report'!$J16," ") | R34: =IF('Course Analysis'!R$42='Course Information'!$C16,'Course Report'!$J16," ") | S34: =IF('Course Analysis'!S$42='Course Information'!$D16,'Course Report'!$J16," ") | T34: =IF('Course Analysis'!T$42='Course Information'!$C16,'Course Report'!$J16," ") | U34: =IF('Course Analysis'!U$42='Course Information'!$D16,'Course Report'!$J16," ") | V34: =IF('Course Analysis'!V$42='Course Information'!$C16,'Course Report'!$J16," ") | W34: =IF('Course Analysis'!W$42='Course Information'!$D16,'Course Report'!$J16," ") | X34: =IF('Course Analysis'!X$42='Course Information'!$C16,'Course Report'!$J16," ") | Y34: =IF('Course Analysis'!Y$42='Course Information'!$D16,'Course Report'!$J16," ") | AB34: =N41
A35: 8 | B35: =IF('Course Analysis'!B$42='Course Information'!$C17,'Course Report'!$J17," ") | C35: =IF('Course Analysis'!C$42='Course Information'!$D17,'Course Report'!$J17," ") | D35: =IF('Course Analysis'!D$42='Course Information'!$C17,'Course Report'!$J17," ") | E35: =IF('Course Analysis'!E$42='Course Information'!$D17,'Course Report'!$J17," ") | F35: =IF('Course Analysis'!F$42='Course Information'!$C17,'Course Report'!$J17," ") | G35: =IF('Course Analysis'!G$42='Course Information'!$D17,'Course Report'!$J17," ") | H35: =IF('Course Analysis'!H$42='Course Information'!$C17,'Course Report'!$J17," ") | I35: =IF('Course Analysis'!I$42='Course Information'!$D17,'Course Report'!$J17," ") | J35: =IF('Course Analysis'!J$42='Course Information'!$C17,'Course Report'!$J17," ") | K35: =IF('Course Analysis'!K$42='Course Information'!$D17,'Course Report'!$J17," ") | L35: =IF('Course Analysis'!L$42='Course Information'!$C17,'Course Report'!$J17," ") | M35: =IF('Course Analysis'!M$42='Course Information'!$D17,'Course Report'!$J17," ") | N35: =IF('Course Analysis'!N$42='Course Information'!$C17,'Course Report'!$J17," ") | O35: =IF('Course Analysis'!O$42='Course Information'!$D17,'Course Report'!$J17," ") | P35: =IF('Course Analysis'!P$42='Course Information'!$C17,'Course Report'!$J17," ") | Q35: =IF('Course Analysis'!Q$42='Course Information'!$D17,'Course Report'!$J17," ") | R35: =IF('Course Analysis'!R$42='Course Information'!$C17,'Course Report'!$J17," ") | S35: =IF('Course Analysis'!S$42='Course Information'!$D17,'Course Report'!$J17," ") | T35: =IF('Course Analysis'!T$42='Course Information'!$C17,'Course Report'!$J17," ") | U35: =IF('Course Analysis'!U$42='Course Information'!$D17,'Course Report'!$J17," ") | V35: =IF('Course Analysis'!V$42='Course Information'!$C17,'Course Report'!$J17," ") | W35: =IF('Course Analysis'!W$42='Course Information'!$D17,'Course Report'!$J17," ") | X35: =IF('Course Analysis'!X$42='Course Information'!$C17,'Course Report'!$J17," ") | Y35: =IF('Course Analysis'!Y$42='Course Information'!$D17,'Course Report'!$J17," ") | AB35: =P41
A36: 9 | B36: =IF('Course Analysis'!B$42='Course Information'!$C18,'Course Report'!$J18," ") | C36: =IF('Course Analysis'!C$42='Course Information'!$D18,'Course Report'!$J18," ") | D36: =IF('Course Analysis'!D$42='Course Information'!$C18,'Course Report'!$J18," ") | E36: =IF('Course Analysis'!E$42='Course Information'!$D18,'Course Report'!$J18," ") | F36: =IF('Course Analysis'!F$42='Course Information'!$C18,'Course Report'!$J18," ") | G36: =IF('Course Analysis'!G$42='Course Information'!$D18,'Course Report'!$J18," ") | H36: =IF('Course Analysis'!H$42='Course Information'!$C18,'Course Report'!$J18," ") | I36: =IF('Course Analysis'!I$42='Course Information'!$D18,'Course Report'!$J18," ") | J36: =IF('Course Analysis'!J$42='Course Information'!$C18,'Course Report'!$J18," ") | K36: =IF('Course Analysis'!K$42='Course Information'!$D18,'Course Report'!$J18," ") | L36: =IF('Course Analysis'!L$42='Course Information'!$C18,'Course Report'!$J18," ") | M36: =IF('Course Analysis'!M$42='Course Information'!$D18,'Course Report'!$J18," ") | N36: =IF('Course Analysis'!N$42='Course Information'!$C18,'Course Report'!$J18," ") | O36: =IF('Course Analysis'!O$42='Course Information'!$D18,'Course Report'!$J18," ") | P36: =IF('Course Analysis'!P$42='Course Information'!$C18,'Course Report'!$J18," ") | Q36: =IF('Course Analysis'!Q$42='Course Information'!$D18,'Course Report'!$J18," ") | R36: =IF('Course Analysis'!R$42='Course Information'!$C18,'Course Report'!$J18," ") | S36: =IF('Course Analysis'!S$42='Course Information'!$D18,'Course Report'!$J18," ") | T36: =IF('Course Analysis'!T$42='Course Information'!$C18,'Course Report'!$J18," ") | U36: =IF('Course Analysis'!U$42='Course Information'!$D18,'Course Report'!$J18," ") | V36: =IF('Course Analysis'!V$42='Course Information'!$C18,'Course Report'!$J18," ") | W36: =IF('Course Analysis'!W$42='Course Information'!$D18,'Course Report'!$J18," ") | X36: =IF('Course Analysis'!X$42='Course Information'!$C18,'Course Report'!$J18," ") | Y36: =IF('Course Analysis'!Y$42='Course Information'!$D18,'Course Report'!$J18," ") | AB36: =R41
A37: 10 | B37: =IF('Course Analysis'!B$42='Course Information'!$C19,'Course Report'!$J19," ") | C37: =IF('Course Analysis'!C$42='Course Information'!$D19,'Course Report'!$J19," ") | D37: =IF('Course Analysis'!D$42='Course Information'!$C19,'Course Report'!$J19," ") | E37: =IF('Course Analysis'!E$42='Course Information'!$D19,'Course Report'!$J19," ") | F37: =IF('Course Analysis'!F$42='Course Information'!$C19,'Course Report'!$J19," ") | G37: =IF('Course Analysis'!G$42='Course Information'!$D19,'Course Report'!$J19," ") | H37: =IF('Course Analysis'!H$42='Course Information'!$C19,'Course Report'!$J19," ") | I37: =IF('Course Analysis'!I$42='Course Information'!$D19,'Course Report'!$J19," ") | J37: =IF('Course Analysis'!J$42='Course Information'!$C19,'Course Report'!$J19," ") | K37: =IF('Course Analysis'!K$42='Course Information'!$D19,'Course Report'!$J19," ") | L37: =IF('Course Analysis'!L$42='Course Information'!$C19,'Course Report'!$J19," ") | M37: =IF('Course Analysis'!M$42='Course Information'!$D19,'Course Report'!$J19," ") | N37: =IF('Course Analysis'!N$42='Course Information'!$C19,'Course Report'!$J19," ") | O37: =IF('Course Analysis'!O$42='Course Information'!$D19,'Course Report'!$J19," ") | P37: =IF('Course Analysis'!P$42='Course Information'!$C19,'Course Report'!$J19," ") | Q37: =IF('Course Analysis'!Q$42='Course Information'!$D19,'Course Report'!$J19," ") | R37: =IF('Course Analysis'!R$42='Course Information'!$C19,'Course Report'!$J19," ") | S37: =IF('Course Analysis'!S$42='Course Information'!$D19,'Course Report'!$J19," ") | T37: =IF('Course Analysis'!T$42='Course Information'!$C19,'Course Report'!$J19," ") | U37: =IF('Course Analysis'!U$42='Course Information'!$D19,'Course Report'!$J19," ") | V37: =IF('Course Analysis'!V$42='Course Information'!$C19,'Course Report'!$J19," ") | W37: =IF('Course Analysis'!W$42='Course Information'!$D19,'Course Report'!$J19," ") | X37: =IF('Course Analysis'!X$42='Course Information'!$C19,'Course Report'!$J19," ") | Y37: =IF('Course Analysis'!Y$42='Course Information'!$D19,'Course Report'!$J19," ") | AB37: =T41
A38: 11 | B38: =IF('Course Analysis'!B$42='Course Information'!$C20,'Course Report'!$J20," ") | C38: =IF('Course Analysis'!C$42='Course Information'!$D20,'Course Report'!$J20," ") | D38: =IF('Course Analysis'!D$42='Course Information'!$C20,'Course Report'!$J20," ") | E38: =IF('Course Analysis'!E$42='Course Information'!$D20,'Course Report'!$J20," ") | F38: =IF('Course Analysis'!F$42='Course Information'!$C20,'Course Report'!$J20," ") | G38: =IF('Course Analysis'!G$42='Course Information'!$D20,'Course Report'!$J20," ") | H38: =IF('Course Analysis'!H$42='Course Information'!$C20,'Course Report'!$J20," ") | I38: =IF('Course Analysis'!I$42='Course Information'!$D20,'Course Report'!$J20," ") | J38: =IF('Course Analysis'!J$42='Course Information'!$C20,'Course Report'!$J20," ") | K38: =IF('Course Analysis'!K$42='Course Information'!$D20,'Course Report'!$J20," ") | L38: =IF('Course Analysis'!L$42='Course Information'!$C20,'Course Report'!$J20," ") | M38: =IF('Course Analysis'!M$42='Course Information'!$D20,'Course Report'!$J20," ") | N38: =IF('Course Analysis'!N$42='Course Information'!$C20,'Course Report'!$J20," ") | O38: =IF('Course Analysis'!O$42='Course Information'!$D20,'Course Report'!$J20," ") | P38: =IF('Course Analysis'!P$42='Course Information'!$C20,'Course Report'!$J20," ") | Q38: =IF('Course Analysis'!Q$42='Course Information'!$D20,'Course Report'!$J20," ") | R38: =IF('Course Analysis'!R$42='Course Information'!$C20,'Course Report'!$J20," ") | S38: =IF('Course Analysis'!S$42='Course Information'!$D20,'Course Report'!$J20," ") | T38: =IF('Course Analysis'!T$42='Course Information'!$C20,'Course Report'!$J20," ") | U38: =IF('Course Analysis'!U$42='Course Information'!$D20,'Course Report'!$J20," ") | V38: =IF('Course Analysis'!V$42='Course Information'!$C20,'Course Report'!$J20," ") | W38: =IF('Course Analysis'!W$42='Course Information'!$D20,'Course Report'!$J20," ") | X38: =IF('Course Analysis'!X$42='Course Information'!$C20,'Course Report'!$J20," ") | Y38: =IF('Course Analysis'!Y$42='Course Information'!$D20,'Course Report'!$J20," ") | AB38: =V41
A39: 12 | B39: =IF('Course Analysis'!B$42='Course Information'!$C21,'Course Report'!$J21," ") | C39: =IF('Course Analysis'!C$42='Course Information'!$D21,'Course Report'!$J21," ") | D39: =IF('Course Analysis'!D$42='Course Information'!$C21,'Course Report'!$J21," ") | E39: =IF('Course Analysis'!E$42='Course Information'!$D21,'Course Report'!$J21," ") | F39: =IF('Course Analysis'!F$42='Course Information'!$C21,'Course Report'!$J21," ") | G39: =IF('Course Analysis'!G$42='Course Information'!$D21,'Course Report'!$J21," ") | H39: =IF('Course Analysis'!H$42='Course Information'!$C21,'Course Report'!$J21," ") | I39: =IF('Course Analysis'!I$42='Course Information'!$D21,'Course Report'!$J21," ") | J39: =IF('Course Analysis'!J$42='Course Information'!$C21,'Course Report'!$J21," ") | K39: =IF('Course Analysis'!K$42='Course Information'!$D21,'Course Report'!$J21," ") | L39: =IF('Course Analysis'!L$42='Course Information'!$C21,'Course Report'!$J21," ") | M39: =IF('Course Analysis'!M$42='Course Information'!$D21,'Course Report'!$J21," ") | N39: =IF('Course Analysis'!N$42='Course Information'!$C21,'Course Report'!$J21," ") | O39: =IF('Course Analysis'!O$42='Course Information'!$D21,'Course Report'!$J21," ") | P39: =IF('Course Analysis'!P$42='Course Information'!$C21,'Course Report'!$J21," ") | Q39: =IF('Course Analysis'!Q$42='Course Information'!$D21,'Course Report'!$J21," ") | R39: =IF('Course Analysis'!R$42='Course Information'!$C21,'Course Report'!$J21," ") | S39: =IF('Course Analysis'!S$42='Course Information'!$D21,'Course Report'!$J21," ") | T39: =IF('Course Analysis'!T$42='Course Information'!$C21,'Course Report'!$J21," ") | U39: =IF('Course Analysis'!U$42='Course Information'!$D21,'Course Report'!$J21," ") | V39: =IF('Course Analysis'!V$42='Course Information'!$C21,'Course Report'!$J21," ") | W39: =IF('Course Analysis'!W$42='Course Information'!$D21,'Course Report'!$J21," ") | X39: =IF('Course Analysis'!X$42='Course Information'!$C21,'Course Report'!$J21," ") | Y39: =IF('Course Analysis'!Y$42='Course Information'!$D21,'Course Report'!$J21," ") | AB39: =X41
A40: Average | B40: =AVERAGE(B28:B39) -> #DIV/0! | C40: =AVERAGE(C28:C39) -> #DIV/0! | D40: =AVERAGE(D28:D39) -> #DIV/0! | E40: =AVERAGE(E28:E39) -> #DIV/0! | F40: =AVERAGE(F28:F39) -> #DIV/0! | G40: =AVERAGE(G28:G39) -> #DIV/0! | H40: =AVERAGE(H28:H39) -> #DIV/0! | I40: =AVERAGE(I28:I39) -> #DIV/0! | ... Y40: =AVERAGE(Y28:Y39) -> #DIV/0!
A41: Average | B41: =IF(SUM(B28:B39,C28:C39)=0," ", AVERAGE(B28:B39,C28:C39)) | D41: =IF(SUM(D28:D39,E28:E39)=0," ", AVERAGE(D28:D39,E28:E39)) | F41: =IF(SUM(F28:F39,G28:G39)=0," ", AVERAGE(F28:F39,G28:G39)) | H41: =IF(SUM(H28:H39,I28:I39)=0," ", AVERAGE(H28:H39,I28:I39)) | J41: =IF(SUM(J28:J39,K28:K39)=0," ", AVERAGE(J28:J39,K28:K39)) | L41: =IF(SUM(L28:L39,M28:M39)=0," ", AVERAGE(L28:L39,M28:M39)) | N41: =IF(SUM(N28:N39,O28:O39)=0," ", AVERAGE(N28:N39,O28:O39)) | P41: =IF(SUM(P28:P39,Q28:Q39)=0," ", AVERAGE(P28:P39,Q28:Q39)) | R41: =IF(SUM(R28:R39,S28:S39)=0," ", AVERAGE(R28:R39,S28:S39)) | T41: =IF(SUM(T28:T39,U28:U39)=0," ", AVERAGE(T28:T39,U28:U39)) | V41: =IF(SUM(V28:V39,W28:W39)=0," ", AVERAGE(V28:V39,W28:W39)) | X41: =IF(SUM(X28:X39,Y28:Y39)=0," ", AVERAGE(X28:X39,Y28:Y39))
B42: 1 | C42: 1 | D42: 2 | E42: 2 | F42: 3 | G42: 3 | H42: 4 | I42: 4 | J42: 5 | K42: 5 | L42: 6 | M42: 6 | N42: 7 | O42: 7 | P42: 8 | Q42: 8 | R42: 9 | S42: 9 | T42: 10 | U42: 10 | V42: 11 | W42: 11 | X42: 12 | Y42: 12
B47: Student Assessment Mapped to AD-Polytechnic Students Learning Outcomes
A48: Course Outcome | B48: SO1 | D48: SO2 | F48: SO3 | H48: SO4 | J48: SO5 | L48: SO6 | N48: SO7 | P48: SO8 | R48: SO9 | T48: SO10 | V48: SO11 | X48: SO12 | AB48: S SO's
A49: 1 | B49: =IF('Course Analysis'!B$42='Course Information'!$C10,'Course Report'!$I10," ") | C49: =IF('Course Analysis'!C$42='Course Information'!$D10,'Course Report'!$I10," ") | D49: =IF('Course Analysis'!D$42='Course Information'!$C10,'Course Report'!$I10," ") | E49: =IF('Course Analysis'!E$42='Course Information'!$D10,'Course Report'!$I10," ") | F49: =IF('Course Analysis'!F$42='Course Information'!$C10,'Course Report'!$I10," ") | G49: =IF('Course Analysis'!G$42='Course Information'!$D10,'Course Report'!$I10," ") | H49: =IF('Course Analysis'!H$42='Course Information'!$C10,'Course Report'!$I10," ") | I49: =IF('Course Analysis'!I$42='Course Information'!$D10,'Course Report'!$I10," ") | J49: =IF('Course Analysis'!J$42='Course Information'!$C10,'Course Report'!$I10," ") | K49: =IF('Course Analysis'!K$42='Course Information'!$D10,'Course Report'!$I10," ") | L49: =IF('Course Analysis'!L$42='Course Information'!$C10,'Course Report'!$I10," ") | M49: =IF('Course Analysis'!M$42='Course Information'!$D10,'Course Report'!$I10," ") | N49: =IF('Course Analysis'!N$42='Course Information'!$C10,'Course Report'!$I10," ") | O49: =IF('Course Analysis'!O$42='Course Information'!$D10,'Course Report'!$I10," ") | P49: =IF('Course Analysis'!P$42='Course Information'!$C10,'Course Report'!$I10," ") | Q49: =IF('Course Analysis'!Q$42='Course Information'!$D10,'Course Report'!$I10," ") | R49: =IF('Course Analysis'!R$42='Course Information'!$C10,'Course Report'!$I10," ") | S49: =IF('Course Analysis'!S$42='Course Information'!$D10,'Course Report'!$I10," ") | T49: =IF('Course Analysis'!T$42='Course Information'!$C10,'Course Report'!$I10," ") | U49: =IF('Course Analysis'!U$42='Course Information'!$D10,'Course Report'!$I10," ") | V49: =IF('Course Analysis'!V$42='Course Information'!$C10,'Course Report'!$I10," ") | W49: =IF('Course Analysis'!W$42='Course Information'!$D10,'Course Report'!$I10," ") | X49: =IF('Course Analysis'!X$42='Course Information'!$C10,'Course Report'!$I10," ") | Y49: =IF('Course Analysis'!Y$42='Course Information'!$D10,'Course Report'!$I10," ") | AB49: =B62
A50: 2 | B50: =IF('Course Analysis'!B$42='Course Information'!$C11,'Course Report'!$I11," ") | C50: =IF('Course Analysis'!C$42='Course Information'!$D11,'Course Report'!$I11," ") | D50: =IF('Course Analysis'!D$42='Course Information'!$C11,'Course Report'!$I11," ") | E50: =IF('Course Analysis'!E$42='Course Information'!$D11,'Course Report'!$I11," ") | F50: =IF('Course Analysis'!F$42='Course Information'!$C11,'Course Report'!$I11," ") | G50: =IF('Course Analysis'!G$42='Course Information'!$D11,'Course Report'!$I11," ") | H50: =IF('Course Analysis'!H$42='Course Information'!$C11,'Course Report'!$I11," ") | I50: =IF('Course Analysis'!I$42='Course Information'!$D11,'Course Report'!$I11," ") | J50: =IF('Course Analysis'!J$42='Course Information'!$C11,'Course Report'!$I11," ") | K50: =IF('Course Analysis'!K$42='Course Information'!$D11,'Course Report'!$I11," ") | L50: =IF('Course Analysis'!L$42='Course Information'!$C11,'Course Report'!$I11," ") | M50: =IF('Course Analysis'!M$42='Course Information'!$D11,'Course Report'!$I11," ") | N50: =IF('Course Analysis'!N$42='Course Information'!$C11,'Course Report'!$I11," ") | O50: =IF('Course Analysis'!O$42='Course Information'!$D11,'Course Report'!$I11," ") | P50: =IF('Course Analysis'!P$42='Course Information'!$C11,'Course Report'!$I11," ") | Q50: =IF('Course Analysis'!Q$42='Course Information'!$D11,'Course Report'!$I11," ") | R50: =IF('Course Analysis'!R$42='Course Information'!$C11,'Course Report'!$I11," ") | S50: =IF('Course Analysis'!S$42='Course Information'!$D11,'Course Report'!$I11," ") | T50: =IF('Course Analysis'!T$42='Course Information'!$C11,'Course Report'!$I11," ") | U50: =IF('Course Analysis'!U$42='Course Information'!$D11,'Course Report'!$I11," ") | V50: =IF('Course Analysis'!V$42='Course Information'!$C11,'Course Report'!$I11," ") | W50: =IF('Course Analysis'!W$42='Course Information'!$D11,'Course Report'!$I11," ") | X50: =IF('Course Analysis'!X$42='Course Information'!$C11,'Course Report'!$I11," ") | Y50: =IF('Course Analysis'!Y$42='Course Information'!$D11,'Course Report'!$I11," ") | AB50: =D62
A51: 3 | B51: =IF('Course Analysis'!B$42='Course Information'!$C12,'Course Report'!$I12," ") | C51: =IF('Course Analysis'!C$42='Course Information'!$D12,'Course Report'!$I12," ") | D51: =IF('Course Analysis'!D$42='Course Information'!$C12,'Course Report'!$I12," ") | E51: =IF('Course Analysis'!E$42='Course Information'!$D12,'Course Report'!$I12," ") | F51: =IF('Course Analysis'!F$42='Course Information'!$C12,'Course Report'!$I12," ") | G51: =IF('Course Analysis'!G$42='Course Information'!$D12,'Course Report'!$I12," ") | H51: =IF('Course Analysis'!H$42='Course Information'!$C12,'Course Report'!$I12," ") | I51: =IF('Course Analysis'!I$42='Course Information'!$D12,'Course Report'!$I12," ") | J51: =IF('Course Analysis'!J$42='Course Information'!$C12,'Course Report'!$I12," ") | K51: =IF('Course Analysis'!K$42='Course Information'!$D12,'Course Report'!$I12," ") | L51: =IF('Course Analysis'!L$42='Course Information'!$C12,'Course Report'!$I12," ") | M51: =IF('Course Analysis'!M$42='Course Information'!$D12,'Course Report'!$I12," ") | N51: =IF('Course Analysis'!N$42='Course Information'!$C12,'Course Report'!$I12," ") | O51: =IF('Course Analysis'!O$42='Course Information'!$D12,'Course Report'!$I12," ") | P51: =IF('Course Analysis'!P$42='Course Information'!$C12,'Course Report'!$I12," ") | Q51: =IF('Course Analysis'!Q$42='Course Information'!$D12,'Course Report'!$I12," ") | R51: =IF('Course Analysis'!R$42='Course Information'!$C12,'Course Report'!$I12," ") | S51: =IF('Course Analysis'!S$42='Course Information'!$D12,'Course Report'!$I12," ") | T51: =IF('Course Analysis'!T$42='Course Information'!$C12,'Course Report'!$I12," ") | U51: =IF('Course Analysis'!U$42='Course Information'!$D12,'Course Report'!$I12," ") | V51: =IF('Course Analysis'!V$42='Course Information'!$C12,'Course Report'!$I12," ") | W51: =IF('Course Analysis'!W$42='Course Information'!$D12,'Course Report'!$I12," ") | X51: =IF('Course Analysis'!X$42='Course Information'!$C12,'Course Report'!$I12," ") | Y51: =IF('Course Analysis'!Y$42='Course Information'!$D12,'Course Report'!$I12," ") | AB51: =F62
A52: 4 | B52: =IF('Course Analysis'!B$42='Course Information'!$C13,'Course Report'!$I13," ") | C52: =IF('Course Analysis'!C$42='Course Information'!$D13,'Course Report'!$I13," ") | D52: =IF('Course Analysis'!D$42='Course Information'!$C13,'Course Report'!$I13," ") | E52: =IF('Course Analysis'!E$42='Course Information'!$D13,'Course Report'!$I13," ") | F52: =IF('Course Analysis'!F$42='Course Information'!$C13,'Course Report'!$I13," ") | G52: =IF('Course Analysis'!G$42='Course Information'!$D13,'Course Report'!$I13," ") | H52: =IF('Course Analysis'!H$42='Course Information'!$C13,'Course Report'!$I13," ") | I52: =IF('Course Analysis'!I$42='Course Information'!$D13,'Course Report'!$I13," ") | J52: =IF('Course Analysis'!J$42='Course Information'!$C13,'Course Report'!$I13," ") | K52: =IF('Course Analysis'!K$42='Course Information'!$D13,'Course Report'!$I13," ") | L52: =IF('Course Analysis'!L$42='Course Information'!$C13,'Course Report'!$I13," ") | M52: =IF('Course Analysis'!M$42='Course Information'!$D13,'Course Report'!$I13," ") | N52: =IF('Course Analysis'!N$42='Course Information'!$C13,'Course Report'!$I13," ") | O52: =IF('Course Analysis'!O$42='Course Information'!$D13,'Course Report'!$I13," ") | P52: =IF('Course Analysis'!P$42='Course Information'!$C13,'Course Report'!$I13," ") | Q52: =IF('Course Analysis'!Q$42='Course Information'!$D13,'Course Report'!$I13," ") | R52: =IF('Course Analysis'!R$42='Course Information'!$C13,'Course Report'!$I13," ") | S52: =IF('Course Analysis'!S$42='Course Information'!$D13,'Course Report'!$I13," ") | T52: =IF('Course Analysis'!T$42='Course Information'!$C13,'Course Report'!$I13," ") | U52: =IF('Course Analysis'!U$42='Course Information'!$D13,'Course Report'!$I13," ") | V52: =IF('Course Analysis'!V$42='Course Information'!$C13,'Course Report'!$I13," ") | W52: =IF('Course Analysis'!W$42='Course Information'!$D13,'Course Report'!$I13," ") | X52: =IF('Course Analysis'!X$42='Course Information'!$C13,'Course Report'!$I13," ") | Y52: =IF('Course Analysis'!Y$42='Course Information'!$D13,'Course Report'!$I13," ") | AB52: =H62
A53: 5 | B53: =IF('Course Analysis'!B$42='Course Information'!$C14,'Course Report'!$I14," ") | C53: =IF('Course Analysis'!C$42='Course Information'!$D14,'Course Report'!$I14," ") | D53: =IF('Course Analysis'!D$42='Course Information'!$C14,'Course Report'!$I14," ") | E53: =IF('Course Analysis'!E$42='Course Information'!$D14,'Course Report'!$I14," ") | F53: =IF('Course Analysis'!F$42='Course Information'!$C14,'Course Report'!$I14," ") | G53: =IF('Course Analysis'!G$42='Course Information'!$D14,'Course Report'!$I14," ") | H53: =IF('Course Analysis'!H$42='Course Information'!$C14,'Course Report'!$I14," ") | I53: =IF('Course Analysis'!I$42='Course Information'!$D14,'Course Report'!$I14," ") | J53: =IF('Course Analysis'!J$42='Course Information'!$C14,'Course Report'!$I14," ") | K53: =IF('Course Analysis'!K$42='Course Information'!$D14,'Course Report'!$I14," ") | L53: =IF('Course Analysis'!L$42='Course Information'!$C14,'Course Report'!$I14," ") | M53: =IF('Course Analysis'!M$42='Course Information'!$D14,'Course Report'!$I14," ") | N53: =IF('Course Analysis'!N$42='Course Information'!$C14,'Course Report'!$I14," ") | O53: =IF('Course Analysis'!O$42='Course Information'!$D14,'Course Report'!$I14," ") | P53: =IF('Course Analysis'!P$42='Course Information'!$C14,'Course Report'!$I14," ") | Q53: =IF('Course Analysis'!Q$42='Course Information'!$D14,'Course Report'!$I14," ") | R53: =IF('Course Analysis'!R$42='Course Information'!$C14,'Course Report'!$I14," ") | S53: =IF('Course Analysis'!S$42='Course Information'!$D14,'Course Report'!$I14," ") | T53: =IF('Course Analysis'!T$42='Course Information'!$C14,'Course Report'!$I14," ") | U53: =IF('Course Analysis'!U$42='Course Information'!$D14,'Course Report'!$I14," ") | V53: =IF('Course Analysis'!V$42='Course Information'!$C14,'Course Report'!$I14," ") | W53: =IF('Course Analysis'!W$42='Course Information'!$D14,'Course Report'!$I14," ") | X53: =IF('Course Analysis'!X$42='Course Information'!$C14,'Course Report'!$I14," ") | Y53: =IF('Course Analysis'!Y$42='Course Information'!$D14,'Course Report'!$I14," ") | AB53: =J62
A54: 6 | B54: =IF('Course Analysis'!B$42='Course Information'!$C15,'Course Report'!$I15," ") | C54: =IF('Course Analysis'!C$42='Course Information'!$D15,'Course Report'!$I15," ") | D54: =IF('Course Analysis'!D$42='Course Information'!$C15,'Course Report'!$I15," ") | E54: =IF('Course Analysis'!E$42='Course Information'!$D15,'Course Report'!$I15," ") | F54: =IF('Course Analysis'!F$42='Course Information'!$C15,'Course Report'!$I15," ") | G54: =IF('Course Analysis'!G$42='Course Information'!$D15,'Course Report'!$I15," ") | H54: =IF('Course Analysis'!H$42='Course Information'!$C15,'Course Report'!$I15," ") | I54: =IF('Course Analysis'!I$42='Course Information'!$D15,'Course Report'!$I15," ") | J54: =IF('Course Analysis'!J$42='Course Information'!$C15,'Course Report'!$I15," ") | K54: =IF('Course Analysis'!K$42='Course Information'!$D15,'Course Report'!$I15," ") | L54: =IF('Course Analysis'!L$42='Course Information'!$C15,'Course Report'!$I15," ") | M54: =IF('Course Analysis'!M$42='Course Information'!$D15,'Course Report'!$I15," ") | N54: =IF('Course Analysis'!N$42='Course Information'!$C15,'Course Report'!$I15," ") | O54: =IF('Course Analysis'!O$42='Course Information'!$D15,'Course Report'!$I15," ") | P54: =IF('Course Analysis'!P$42='Course Information'!$C15,'Course Report'!$I15," ") | Q54: =IF('Course Analysis'!Q$42='Course Information'!$D15,'Course Report'!$I15," ") | R54: =IF('Course Analysis'!R$42='Course Information'!$C15,'Course Report'!$I15," ") | S54: =IF('Course Analysis'!S$42='Course Information'!$D15,'Course Report'!$I15," ") | T54: =IF('Course Analysis'!T$42='Course Information'!$C15,'Course Report'!$I15," ") | U54: =IF('Course Analysis'!U$42='Course Information'!$D15,'Course Report'!$I15," ") | V54: =IF('Course Analysis'!V$42='Course Information'!$C15,'Course Report'!$I15," ") | W54: =IF('Course Analysis'!W$42='Course Information'!$D15,'Course Report'!$I15," ") | X54: =IF('Course Analysis'!X$42='Course Information'!$C15,'Course Report'!$I15," ") | Y54: =IF('Course Analysis'!Y$42='Course Information'!$D15,'Course Report'!$I15," ") | AB54: =L62
A55: 7 | B55: =IF('Course Analysis'!B$42='Course Information'!$C16,'Course Report'!$I16," ") | C55: =IF('Course Analysis'!C$42='Course Information'!$D16,'Course Report'!$I16," ") | D55: =IF('Course Analysis'!D$42='Course Information'!$C16,'Course Report'!$I16," ") | E55: =IF('Course Analysis'!E$42='Course Information'!$D16,'Course Report'!$I16," ") | F55: =IF('Course Analysis'!F$42='Course Information'!$C16,'Course Report'!$I16," ") | G55: =IF('Course Analysis'!G$42='Course Information'!$D16,'Course Report'!$I16," ") | H55: =IF('Course Analysis'!H$42='Course Information'!$C16,'Course Report'!$I16," ") | I55: =IF('Course Analysis'!I$42='Course Information'!$D16,'Course Report'!$I16," ") | J55: =IF('Course Analysis'!J$42='Course Information'!$C16,'Course Report'!$I16," ") | K55: =IF('Course Analysis'!K$42='Course Information'!$D16,'Course Report'!$I16," ") | L55: =IF('Course Analysis'!L$42='Course Information'!$C16,'Course Report'!$I16," ") | M55: =IF('Course Analysis'!M$42='Course Information'!$D16,'Course Report'!$I16," ") | N55: =IF('Course Analysis'!N$42='Course Information'!$C16,'Course Report'!$I16," ") | O55: =IF('Course Analysis'!O$42='Course Information'!$D16,'Course Report'!$I16," ") | P55: =IF('Course Analysis'!P$42='Course Information'!$C16,'Course Report'!$I16," ") | Q55: =IF('Course Analysis'!Q$42='Course Information'!$D16,'Course Report'!$I16," ") | R55: =IF('Course Analysis'!R$42='Course Information'!$C16,'Course Report'!$I16," ") | S55: =IF('Course Analysis'!S$42='Course Information'!$D16,'Course Report'!$I16," ") | T55: =IF('Course Analysis'!T$42='Course Information'!$C16,'Course Report'!$I16," ") | U55: =IF('Course Analysis'!U$42='Course Information'!$D16,'Course Report'!$I16," ") | V55: =IF('Course Analysis'!V$42='Course Information'!$C16,'Course Report'!$I16," ") | W55: =IF('Course Analysis'!W$42='Course Information'!$D16,'Course Report'!$I16," ") | X55: =IF('Course Analysis'!X$42='Course Information'!$C16,'Course Report'!$I16," ") | Y55: =IF('Course Analysis'!Y$42='Course Information'!$D16,'Course Report'!$I16," ") | AB55: =N62
A56: 8 | B56: =IF('Course Analysis'!B$42='Course Information'!$C17,'Course Report'!$I17," ") | C56: =IF('Course Analysis'!C$42='Course Information'!$D17,'Course Report'!$I17," ") | D56: =IF('Course Analysis'!D$42='Course Information'!$C17,'Course Report'!$I17," ") | E56: =IF('Course Analysis'!E$42='Course Information'!$D17,'Course Report'!$I17," ") | F56: =IF('Course Analysis'!F$42='Course Information'!$C17,'Course Report'!$I17," ") | G56: =IF('Course Analysis'!G$42='Course Information'!$D17,'Course Report'!$I17," ") | H56: =IF('Course Analysis'!H$42='Course Information'!$C17,'Course Report'!$I17," ") | I56: =IF('Course Analysis'!I$42='Course Information'!$D17,'Course Report'!$I17," ") | J56: =IF('Course Analysis'!J$42='Course Information'!$C17,'Course Report'!$I17," ") | K56: =IF('Course Analysis'!K$42='Course Information'!$D17,'Course Report'!$I17," ") | L56: =IF('Course Analysis'!L$42='Course Information'!$C17,'Course Report'!$I17," ") | M56: =IF('Course Analysis'!M$42='Course Information'!$D17,'Course Report'!$I17," ") | N56: =IF('Course Analysis'!N$42='Course Information'!$C17,'Course Report'!$I17," ") | O56: =IF('Course Analysis'!O$42='Course Information'!$D17,'Course Report'!$I17," ") | P56: =IF('Course Analysis'!P$42='Course Information'!$C17,'Course Report'!$I17," ") | Q56: =IF('Course Analysis'!Q$42='Course Information'!$D17,'Course Report'!$I17," ") | R56: =IF('Course Analysis'!R$42='Course Information'!$C17,'Course Report'!$I17," ") | S56: =IF('Course Analysis'!S$42='Course Information'!$D17,'Course Report'!$I17," ") | T56: =IF('Course Analysis'!T$42='Course Information'!$C17,'Course Report'!$I17," ") | U56: =IF('Course Analysis'!U$42='Course Information'!$D17,'Course Report'!$I17," ") | V56: =IF('Course Analysis'!V$42='Course Information'!$C17,'Course Report'!$I17," ") | W56: =IF('Course Analysis'!W$42='Course Information'!$D17,'Course Report'!$I17," ") | X56: =IF('Course Analysis'!X$42='Course Information'!$C17,'Course Report'!$I17," ") | Y56: =IF('Course Analysis'!Y$42='Course Information'!$D17,'Course Report'!$I17," ") | AB56: =P62
A57: 9 | B57: =IF('Course Analysis'!B$42='Course Information'!$C18,'Course Report'!$I18," ") | C57: =IF('Course Analysis'!C$42='Course Information'!$D18,'Course Report'!$I18," ") | D57: =IF('Course Analysis'!D$42='Course Information'!$C18,'Course Report'!$I18," ") | E57: =IF('Course Analysis'!E$42='Course Information'!$D18,'Course Report'!$I18," ") | F57: =IF('Course Analysis'!F$42='Course Information'!$C18,'Course Report'!$I18," ") | G57: =IF('Course Analysis'!G$42='Course Information'!$D18,'Course Report'!$I18," ") | H57: =IF('Course Analysis'!H$42='Course Information'!$C18,'Course Report'!$I18," ") | I57: =IF('Course Analysis'!I$42='Course Information'!$D18,'Course Report'!$I18," ") | J57: =IF('Course Analysis'!J$42='Course Information'!$C18,'Course Report'!$I18," ") | K57: =IF('Course Analysis'!K$42='Course Information'!$D18,'Course Report'!$I18," ") | L57: =IF('Course Analysis'!L$42='Course Information'!$C18,'Course Report'!$I18," ") | M57: =IF('Course Analysis'!M$42='Course Information'!$D18,'Course Report'!$I18," ") | N57: =IF('Course Analysis'!N$42='Course Information'!$C18,'Course Report'!$I18," ") | O57: =IF('Course Analysis'!O$42='Course Information'!$D18,'Course Report'!$I18," ") | P57: =IF('Course Analysis'!P$42='Course Information'!$C18,'Course Report'!$I18," ") | Q57: =IF('Course Analysis'!Q$42='Course Information'!$D18,'Course Report'!$I18," ") | R57: =IF('Course Analysis'!R$42='Course Information'!$C18,'Course Report'!$I18," ") | S57: =IF('Course Analysis'!S$42='Course Information'!$D18,'Course Report'!$I18," ") | T57: =IF('Course Analysis'!T$42='Course Information'!$C18,'Course Report'!$I18," ") | U57: =IF('Course Analysis'!U$42='Course Information'!$D18,'Course Report'!$I18," ") | V57: =IF('Course Analysis'!V$42='Course Information'!$C18,'Course Report'!$I18," ") | W57: =IF('Course Analysis'!W$42='Course Information'!$D18,'Course Report'!$I18," ") | X57: =IF('Course Analysis'!X$42='Course Information'!$C18,'Course Report'!$I18," ") | Y57: =IF('Course Analysis'!Y$42='Course Information'!$D18,'Course Report'!$I18," ") | AB57: =R62
A58: 10 | B58: =IF('Course Analysis'!B$42='Course Information'!$C19,'Course Report'!$I19," ") | C58: =IF('Course Analysis'!C$42='Course Information'!$D19,'Course Report'!$I19," ") | D58: =IF('Course Analysis'!D$42='Course Information'!$C19,'Course Report'!$I19," ") | E58: =IF('Course Analysis'!E$42='Course Information'!$D19,'Course Report'!$I19," ") | F58: =IF('Course Analysis'!F$42='Course Information'!$C19,'Course Report'!$I19," ") | G58: =IF('Course Analysis'!G$42='Course Information'!$D19,'Course Report'!$I19," ") | H58: =IF('Course Analysis'!H$42='Course Information'!$C19,'Course Report'!$I19," ") | I58: =IF('Course Analysis'!I$42='Course Information'!$D19,'Course Report'!$I19," ") | J58: =IF('Course Analysis'!J$42='Course Information'!$C19,'Course Report'!$I19," ") | K58: =IF('Course Analysis'!K$42='Course Information'!$D19,'Course Report'!$I19," ") | L58: =IF('Course Analysis'!L$42='Course Information'!$C19,'Course Report'!$I19," ") | M58: =IF('Course Analysis'!M$42='Course Information'!$D19,'Course Report'!$I19," ") | N58: =IF('Course Analysis'!N$42='Course Information'!$C19,'Course Report'!$I19," ") | O58: =IF('Course Analysis'!O$42='Course Information'!$D19,'Course Report'!$I19," ") | P58: =IF('Course Analysis'!P$42='Course Information'!$C19,'Course Report'!$I19," ") | Q58: =IF('Course Analysis'!Q$42='Course Information'!$D19,'Course Report'!$I19," ") | R58: =IF('Course Analysis'!R$42='Course Information'!$C19,'Course Report'!$I19," ") | S58: =IF('Course Analysis'!S$42='Course Information'!$D19,'Course Report'!$I19," ") | T58: =IF('Course Analysis'!T$42='Course Information'!$C19,'Course Report'!$I19," ") | U58: =IF('Course Analysis'!U$42='Course Information'!$D19,'Course Report'!$I19," ") | V58: =IF('Course Analysis'!V$42='Course Information'!$C19,'Course Report'!$I19," ") | W58: =IF('Course Analysis'!W$42='Course Information'!$D19,'Course Report'!$I19," ") | X58: =IF('Course Analysis'!X$42='Course Information'!$C19,'Course Report'!$I19," ") | Y58: =IF('Course Analysis'!Y$42='Course Information'!$D19,'Course Report'!$I19," ") | AB58: =T62
A59: 11 | B59: =IF('Course Analysis'!B$42='Course Information'!$C20,'Course Report'!$I20," ") | C59: =IF('Course Analysis'!C$42='Course Information'!$D20,'Course Report'!$I20," ") | D59: =IF('Course Analysis'!D$42='Course Information'!$C20,'Course Report'!$I20," ") | E59: =IF('Course Analysis'!E$42='Course Information'!$D20,'Course Report'!$I20," ") | F59: =IF('Course Analysis'!F$42='Course Information'!$C20,'Course Report'!$I20," ") | G59: =IF('Course Analysis'!G$42='Course Information'!$D20,'Course Report'!$I20," ") | H59: =IF('Course Analysis'!H$42='Course Information'!$C20,'Course Report'!$I20," ") | I59: =IF('Course Analysis'!I$42='Course Information'!$D20,'Course Report'!$I20," ") | J59: =IF('Course Analysis'!J$42='Course Information'!$C20,'Course Report'!$I20," ") | K59: =IF('Course Analysis'!K$42='Course Information'!$D20,'Course Report'!$I20," ") | L59: =IF('Course Analysis'!L$42='Course Information'!$C20,'Course Report'!$I20," ") | M59: =IF('Course Analysis'!M$42='Course Information'!$D20,'Course Report'!$I20," ") | N59: =IF('Course Analysis'!N$42='Course Information'!$C20,'Course Report'!$I20," ") | O59: =IF('Course Analysis'!O$42='Course Information'!$D20,'Course Report'!$I20," ") | P59: =IF('Course Analysis'!P$42='Course Information'!$C20,'Course Report'!$I20," ") | Q59: =IF('Course Analysis'!Q$42='Course Information'!$D20,'Course Report'!$I20," ") | R59: =IF('Course Analysis'!R$42='Course Information'!$C20,'Course Report'!$I20," ") | S59: =IF('Course Analysis'!S$42='Course Information'!$D20,'Course Report'!$I20," ") | T59: =IF('Course Analysis'!T$42='Course Information'!$C20,'Course Report'!$I20," ") | U59: =IF('Course Analysis'!U$42='Course Information'!$D20,'Course Report'!$I20," ") | V59: =IF('Course Analysis'!V$42='Course Information'!$C20,'Course Report'!$I20," ") | W59: =IF('Course Analysis'!W$42='Course Information'!$D20,'Course Report'!$I20," ") | X59: =IF('Course Analysis'!X$42='Course Information'!$C20,'Course Report'!$I20," ") | Y59: =IF('Course Analysis'!Y$42='Course Information'!$D20,'Course Report'!$I20," ") | AB59: =V62
A60: 12 | B60: =IF('Course Analysis'!B$42='Course Information'!$C21,'Course Report'!$I21," ") | C60: =IF('Course Analysis'!C$42='Course Information'!$D21,'Course Report'!$I21," ") | D60: =IF('Course Analysis'!D$42='Course Information'!$C21,'Course Report'!$I21," ") | E60: =IF('Course Analysis'!E$42='Course Information'!$D21,'Course Report'!$I21," ") | F60: =IF('Course Analysis'!F$42='Course Information'!$C21,'Course Report'!$I21," ") | G60: =IF('Course Analysis'!G$42='Course Information'!$D21,'Course Report'!$I21," ") | H60: =IF('Course Analysis'!H$42='Course Information'!$C21,'Course Report'!$I21," ") | I60: =IF('Course Analysis'!I$42='Course Information'!$D21,'Course Report'!$I21," ") | J60: =IF('Course Analysis'!J$42='Course Information'!$C21,'Course Report'!$I21," ") | K60: =IF('Course Analysis'!K$42='Course Information'!$D21,'Course Report'!$I21," ") | L60: =IF('Course Analysis'!L$42='Course Information'!$C21,'Course Report'!$I21," ") | M60: =IF('Course Analysis'!M$42='Course Information'!$D21,'Course Report'!$I21," ") | N60: =IF('Course Analysis'!N$42='Course Information'!$C21,'Course Report'!$I21," ") | O60: =IF('Course Analysis'!O$42='Course Information'!$D21,'Course Report'!$I21," ") | P60: =IF('Course Analysis'!P$42='Course Information'!$C21,'Course Report'!$I21," ") | Q60: =IF('Course Analysis'!Q$42='Course Information'!$D21,'Course Report'!$I21," ") | R60: =IF('Course Analysis'!R$42='Course Information'!$C21,'Course Report'!$I21," ") | S60: =IF('Course Analysis'!S$42='Course Information'!$D21,'Course Report'!$I21," ") | T60: =IF('Course Analysis'!T$42='Course Information'!$C21,'Course Report'!$I21," ") | U60: =IF('Course Analysis'!U$42='Course Information'!$D21,'Course Report'!$I21," ") | V60: =IF('Course Analysis'!V$42='Course Information'!$C21,'Course Report'!$I21," ") | W60: =IF('Course Analysis'!W$42='Course Information'!$D21,'Course Report'!$I21," ") | X60: =IF('Course Analysis'!X$42='Course Information'!$C21,'Course Report'!$I21," ") | Y60: =IF('Course Analysis'!Y$42='Course Information'!$D21,'Course Report'!$I21," ") | AB60: =X62
A61: Average | B61: =AVERAGE(B49:B58) -> #DIV/0! | C61: =AVERAGE(C49:C58) -> #DIV/0! | D61: =AVERAGE(D49:D58) -> #DIV/0! | E61: =AVERAGE(E49:E58) -> #DIV/0! | F61: =AVERAGE(F49:F58) -> #DIV/0! | G61: =AVERAGE(G49:G58) -> #DIV/0! | H61: =AVERAGE(H49:H58) -> #DIV/0! | I61: =AVERAGE(I49:I58) -> #DIV/0! | ... Y61: =AVERAGE(Y49:Y58) -> #DIV/0!
A62: Average | B62: =IF(SUM(B49:B58,C49:C58)=0," ", AVERAGE(B49:B58,C49:C58)) | D62: =IF(SUM(D49:D60,E49:E60)=0," ", AVERAGE(D49:D60,E49:E60)) | F62: =IF(SUM(F49:F58,G49:G58)=0," ", AVERAGE(F49:F58,G49:G58)) | H62: =IF(SUM(H49:H58,I49:I58)=0," ", AVERAGE(H49:H58,I49:I58)) | J62: =IF(SUM(J49:J58,K49:K58)=0," ", AVERAGE(J49:J58,K49:K58)) | L62: =IF(SUM(L49:L58,M49:M58)=0," ", AVERAGE(L49:L58,M49:M58)) | N62: =IF(SUM(N49:N58,O49:O58)=0," ", AVERAGE(N49:N58,O49:O58)) | P62: =IF(SUM(P49:P58,Q49:Q58)=0," ", AVERAGE(P49:P58,Q49:Q58)) | R62: =IF(SUM(R49:R58,S49:S58)=0," ", AVERAGE(R49:R58,S49:S58)) | T62: =IF(SUM(T49:T58,U49:U58)=0," ", AVERAGE(T49:T58,U49:U58)) | V62: =IF(SUM(V49:V58,W49:W58)=0," ", AVERAGE(V49:V58,W49:W58)) | X62: =IF(SUM(X49:X58,Y49:Y58)=0," ", AVERAGE(X49:X58,Y49:Y58))
B63: 1 | C63: 1 | D63: 2 | E63: 2 | F63: 3 | G63: 3 | H63: 4 | I63: 4 | J63: 5 | K63: 5 | L63: 6 | M63: 6 | N63: 7 | O63: 7 | P63: 8 | Q63: 8 | R63: 9 | S63: 9 | T63: 10 | U63: 10 | V63: 11 | W63: 11 | X63: 12 | Y63: 12
L104: Course Matrix
A105: Outcomes | D105: Report | Y105: Homework | BN105: Laboratory | BX105: H1 | BY105: H2 | BZ105: I1 | CA105: I2 | CB105: J1 | CC105: J2 | CD105: K1 | CE105: K2 | CQ105: Quizes | CS105: D1 | CT105: D2 | CU105: E1 | CV105: E2 | CW105: F1 | CX105: F2 | CY105: G1 | CZ105: G2 | DA105: H1 | DB105: H2 | DC105: I | DD105: I | DE105: J | DF105: J | DG105: K | DH105: K | DI105: L | DJ105: L | DK105: M | DL105: M | DM105: N | DN105: N | DO105: O | DP105: O | DQ105: P | DR105: P | DS105: Q | DT105: Q | DV105: Midterm Exam 1 | GE105: Makeup Midterm | IM105: G1 | IN105: G2 | IO105: H1 | IP105: H2 | IR105: Final | JA105: G2 | JB105: H1 | JC105: H2 | JD105: I1 | JE105: I2 | JF105: J1 | JG105: J2 | JH105: K1 | JI105: K2 | JJ105: L1 | JK105: L2 | JL105: M1 | JM105: M2 | JN105: N1 | JO105: N2 | JP105: O1 | JQ105: O2 | JR105: P1 | JS105: P2 | JT105: Q1 | JU105: Q2 | JV105: R1 | JW105: R2 | JX105: S1 | JY105: S2 | JZ105: T1 | KA105: T2 | KB105: U1 | KC105: U2 | KD105: V1 | KE105: V2 | KF105: W1 | KG105: W2 | KH105: X1 | KI105: X2 | KJ105: Y1 | KK105: Y2 | KL105: Z1 | KM105: Z2 | KN105: AA1 | KO105: AA2 | KP105: AB1 | KQ105: AB2 | KR105: AC1 | KS105: AC2 | KT105: AD1 | KU105: AD2 | KV105: AE1 | KW105: AE2 | KX105: AF1 | KY105: AF2 | KZ105: AG1 | LA105: AG2 | LC105: Incomplete Final | LE105: D1 | LF105: D2 | LG105: E1 | LH105: E2 | LI105: F1 | LJ105: F2 | LK105: G1 | LL105: G2 | LM105: H1 | LN105: H2 | LO105: I1 | LP105: I2 | LQ105: J1 | LR105: J2 | LS105: K1 | LT105: K2 | LU105: L1 | LV105: L2 | LW105: M1 | LX105: M2 | LY105: N1 | LZ105: N2 | MA105: O1 | MB105: O2 | MC105: P1 | MD105: P2 | ME105: Q1 | MF105: Q2 | MG105: R1 | MH105: R2 | MI105: S1 | MJ105: S2 | MK105: T1 | ML105: T2 | MM105: U1 | MN105: U2 | MO105: V1 | MP105: V2 | MQ105: W1 | MR105: W2 | MS105: X1 | MT105: X2 | MU105: Y1 | MV105: Y2 | MW105: Z1 | MX105: Z2 | MY105: AA1 | MZ105: AA2 | NA105: AB1 | NB105: AB2 | NC105: AC1 | ND105: AC2 | NE105: AD1 | NF105: AD2 | NG105: AE1 | NH105: AE2 | NI105: AF1 | NJ105: AF2 | NK105: AG1 | NL105: AG2 | NN105: Laboratory Final | NP105: D1 | NQ105: D2 | NR105: E1 | NS105: E2 | NT105: F1 | NU105: F2 | NV105: G1 | NW105: G2 | NX105: H1 | NY105: H2 | NZ105: I1 | OA105: I2 | OB105: J1 | OC105: J2 | OD105: K1 | OE105: K2 | OF105: L1 | OG105: L2
A106: 1 | B106: =IF(SUM(D106:LA106)=0,0,AVERAGE('Course Analysis'!D106:LA106)) -> 0 | D106: =IF(Project!C$1=$A106,Project!C$46," ") | E106: =IF(Project!C$2=$A106,Project!C$46," ") | F106: =IF(Project!D$1=$A106,Project!D$46," ") | G106: =IF(Project!D$2=$A106,Project!D$46," ") | H106: =IF(Project!E$1=$A106,Project!E$46," ") | I106: =IF(Project!E$2=$A106,Project!E$46," ") | J106: =IF(Project!F$1=$A106,Project!F$46," ") | K106: =IF(Project!F$2=$A106,Project!F$46," ") | L106: =IF(Project!G$1=$A106,Project!G$46," ") | M106: =IF(Project!G$2=$A106,Project!G$46," ") | N106: =IF(Project!H$1=$A106,Project!H$46," ") | O106: =IF(Project!H$2=$A106,Project!H$46," ") | P106: =IF(Project!I$1=$A106,Project!I$46," ") | Q106: =IF(Project!I$2=$A106,Project!I$46," ") | R106: =IF(Project!J$1=$A106,Project!J$46," ") | S106: =IF(Project!J$2=$A106,Project!J$46," ") | T106: =IF(Project!K$1=$A106,Project!K$46," ") | U106: =IF(Project!K$2=$A106,Project!K$46," ") | V106: =IF(Project!L$1=$A106,Project!L$46," ") | W106: =IF(Project!L$2=$A106,Project!L$46," ") | Y106: =IF(Homework!C$1=$A106,Homework!C$46," ") | Z106: =IF(Homework!C$2=$A106,Homework!C$46," ") | AA106: =IF(Homework!D$1=$A106,Homework!D$46," ") | AB106: =IF(Homework!D$2=$A106,Homework!D$46," ") | AC106: =IF(Homework!E$1=$A106,Homework!E$46," ") | AD106: =IF(Homework!E$2=$A106,Homework!E$46," ") | AE106: =IF(Homework!F$1=$A106,Homework!F$46," ") | AF106: =IF(Homework!F$2=$A106,Homework!F$46," ") | AG106: =IF(Homework!G$1=$A106,Homework!G$46," ") | AH106: =IF(Homework!G$2=$A106,Homework!G$46," ") | AI106: =IF(Homework!H$1=$A106,Homework!H$46," ") | AJ106: =IF(Homework!H$2=$A106,Homework!H$46," ") | AK106: =IF(Homework!I$1=$A106,Homework!I$46," ") | AL106: =IF(Homework!I$2=$A106,Homework!I$46," ") | AM106: =IF(Homework!J$1=$A106,Homework!J$46," ") | AN106: =IF(Homework!J$2=$A106,Homework!J$46," ") | AO106: =IF(Homework!K$1=$A106,Homework!K$46," ") | AP106: =IF(Homework!K$2=$A106,Homework!K$46," ") | AQ106: =IF(Homework!L$1=$A106,Homework!L$46," ") | AR106: =IF(Homework!L$2=$A106,Homework!L$46," ") | AS106: =IF(Homework!M$1=$A106,Homework!M$46," ") | AT106: =IF(Homework!M$2=$A106,Homework!M$46," ") | AU106: =IF(Homework!N$1=$A106,Homework!N$46," ") | AV106: =IF(Homework!N$2=$A106,Homework!N$46," ") | AW106: =IF(Homework!O$1=$A106,Homework!O$46," ") | AX106: =IF(Homework!O$2=$A106,Homework!O$46," ") | AY106: =IF(Homework!P$1=$A106,Homework!P$46," ") | AZ106: =IF(Homework!P$2=$A106,Homework!P$46," ") | BA106: =IF(Homework!Q$1=$A106,Homework!Q$46," ") | BB106: =IF(Homework!Q$2=$A106,Homework!Q$46," ") | BC106: =IF(Homework!R$1=$A106,Homework!R$46," ") | BD106: =IF(Homework!R$2=$A106,Homework!R$46," ") | BE106: =IF(Homework!S$1=$A106,Homework!S$46," ") | BF106: =IF(Homework!S$2=$A106,Homework!S$46," ") | BG106: =IF(Homework!T$1=$A106,Homework!T$46," ") | BH106: =IF(Homework!T$2=$A106,Homework!T$46," ") | BI106: =IF(Homework!U$1=$A106,Homework!U$46," ") | BJ106: =IF(Homework!U$2=$A106,Homework!U$46," ") | BK106: =IF(Homework!V$1=$A106,Homework!V$46," ") | BL106: =IF(Homework!V$2=$A106,Homework!V$46," ") | BN106: =IF(Laboratory!C$1=$A106,Laboratory!C$46," ") | BO106: =IF(Laboratory!C$2=$A106,Laboratory!C$46," ") | BP106: =IF(Laboratory!D$1=$A106,Laboratory!D$46," ") | BQ106: =IF(Laboratory!D$2=$A106,Laboratory!D$46," ") | BR106: =IF(Laboratory!E$1=$A106,Laboratory!E$46," ") | BS106: =IF(Laboratory!E$2=$A106,Laboratory!E$46," ") | BT106: =IF(Laboratory!F$1=$A106,Laboratory!F$46," ") | BU106: =IF(Laboratory!F$2=$A106,Laboratory!F$46," ") | BV106: =IF(Laboratory!G$1=$A106,Laboratory!G$46," ") | BW106: =IF(Laboratory!G$2=$A106,Laboratory!G$46," ") | BX106: =IF(Laboratory!H$1=$A106,Laboratory!H$46," ") | BY106: =IF(Laboratory!H$2=$A106,Laboratory!H$46," ") | BZ106: =IF(Laboratory!I$1=$A106,Laboratory!I$46," ") | CA106: =IF(Laboratory!I$2=$A106,Laboratory!I$46," ") | CB106: =IF(Laboratory!J$1=$A106,Laboratory!J$46," ") | CC106: =IF(Laboratory!J$2=$A106,Laboratory!J$46," ") | CD106: =IF(Laboratory!K$1=$A106,Laboratory!K$46," ") | CE106: =IF(Laboratory!K$2=$A106,Laboratory!K$46," ") | CF106: =IF(Laboratory!L$1=$A106,Laboratory!L$46," ") | CG106: =IF(Laboratory!L$2=$A106,Laboratory!L$46," ") | CH106: =IF(Laboratory!M$1=$A106,Laboratory!M$46," ") | CI106: =IF(Laboratory!M$2=$A106,Laboratory!M$46," ") | CJ106: =IF(Laboratory!N$1=$A106,Laboratory!N$46," ") | CK106: =IF(Laboratory!N$2=$A106,Laboratory!N$46," ") | CL106: =IF(Laboratory!O$1=$A106,Laboratory!O$46," ") | CM106: =IF(Laboratory!O$2=$A106,Laboratory!O$46," ") | CN106: =IF(Laboratory!P$1=$A106,Laboratory!P$46," ") | CO106: =IF(Laboratory!P$2=$A106,Laboratory!P$46," ") | CQ106: =IF(Quizzes!C$1=$A106,Quizzes!C$46," ") | CR106: =IF(Quizzes!C$2=$A106,Quizzes!C$46," ") | CS106: =IF(Quizzes!D$1=$A106,Quizzes!D$46," ") | CT106: =IF(Quizzes!D$2=$A106,Quizzes!D$46," ") | CU106: =IF(Quizzes!E$1=$A106,Quizzes!E$46," ") | CV106: =IF(Quizzes!E$2=$A106,Quizzes!E$46," ") | CW106: =IF(Quizzes!F$1=$A106,Quizzes!F$46," ") | CX106: =IF(Quizzes!F$2=$A106,Quizzes!F$46," ") | CY106: =IF(Quizzes!G$1=$A106,Quizzes!G$46," ") | CZ106: =IF(Quizzes!G$2=$A106,Quizzes!G$46," ") | DA106: =IF(Quizzes!H$1=$A106,Quizzes!H$46," ") | DB106: =IF(Quizzes!H$2=$A106,Quizzes!H$46," ") | DC106: =IF(Quizzes!I$1=$A106,Quizzes!I$46," ") | DD106: =IF(Quizzes!I$2=$A106,Quizzes!I$46," ") | DE106: =IF(Quizzes!J$1=$A106,Quizzes!J$46," ") | DF106: =IF(Quizzes!J$2=$A106,Quizzes!J$46," ") | DG106: =IF(Quizzes!K$1=$A106,Quizzes!K$46," ") | DH106: =IF(Quizzes!K$2=$A106,Quizzes!K$46," ") | DI106: =IF(Quizzes!L$1=$A106,Quizzes!L$46," ") | DJ106: =IF(Quizzes!L$2=$A106,Quizzes!L$46," ") | DK106: =IF(Quizzes!M$1=$A106,Quizzes!M$46," ") | DL106: =IF(Quizzes!M$2=$A106,Quizzes!M$46," ") | DM106: =IF(Quizzes!N$1=$A106,Quizzes!N$46," ") | DN106: =IF(Quizzes!N$2=$A106,Quizzes!N$46," ") | DO106: =IF(Quizzes!O$1=$A106,Quizzes!O$46," ") | DP106: =IF(Quizzes!O$2=$A106,Quizzes!O$46," ") | DQ106: =IF(Quizzes!P$1=$A106,Quizzes!P$46," ") | DR106: =IF(Quizzes!P$2=$A106,Quizzes!P$46," ") | DS106: =IF(Quizzes!Q$1=$A106,Quizzes!Q$46," ") | DT106: =IF(Quizzes!Q$1=$A106,Quizzes!Q$46," ") | DV106: =IF('Midterm 1'!C$1=$A106,'Midterm 1'!C$47," ") | DW106: =IF('Midterm 1'!C$2=$A106,'Midterm 1'!C$47," ") | DX106: =IF('Midterm 1'!D$1=$A106,'Midterm 1'!D$47," ") | DY106: =IF('Midterm 1'!D$2=$A106,'Midterm 1'!D$47," ") | DZ106: =IF('Midterm 1'!E$1=$A106,'Midterm 1'!E$47," ") | EA106: =IF('Midterm 1'!E$2=$A106,'Midterm 1'!E$47," ") | EB106: =IF('Midterm 1'!F$1=$A106,'Midterm 1'!F$47," ") | EC106: =IF('Midterm 1'!F$2=$A106,'Midterm 1'!F$47," ") | ED106: =IF('Midterm 1'!G$1=$A106,'Midterm 1'!G$47," ") | EE106: =IF('Midterm 1'!G$2=$A106,'Midterm 1'!G$47," ") | EF106: =IF('Midterm 1'!H$1=$A106,'Midterm 1'!I$47," ") | EG106: =IF('Midterm 1'!H$2=$A106,'Midterm 1'!H$47," ") | EH106: =IF('Midterm 1'!I$1=$A106,'Midterm 1'!I$47," ") | EI106: =IF('Midterm 1'!I$2=$A106,'Midterm 1'!I$47," ") | EJ106: =IF('Midterm 1'!J$1=$A106,'Midterm 1'!J$47," ") | EK106: =IF('Midterm 1'!J$2=$A106,'Midterm 1'!J$47," ") | EL106: =IF('Midterm 1'!K$1=$A106,'Midterm 1'!K$47," ") | EM106: =IF('Midterm 1'!K$2=$A106,'Midterm 1'!K$47," ") | EN106: =IF('Midterm 1'!L$1=$A106,'Midterm 1'!L$47," ") | EO106: =IF('Midterm 1'!L$2=$A106,'Midterm 1'!L$47," ") | EP106: =IF('Midterm 1'!M$1=$A106,'Midterm 1'!M$47," ") | EQ106: =IF('Midterm 1'!M$2=$A106,'Midterm 1'!M$47," ") | ER106: =IF('Midterm 1'!N$1=$A106,'Midterm 1'!N$47," ") | ES106: =IF('Midterm 1'!N$2=$A106,'Midterm 1'!N$47," ") | ET106: =IF('Midterm 1'!O$1=$A106,'Midterm 1'!O$47," ") | EU106: =IF('Midterm 1'!O$2=$A106,'Midterm 1'!O$47," ") | EV106: =IF('Midterm 1'!P$1=$A106,'Midterm 1'!P$47," ") | EW106: =IF('Midterm 1'!P$2=$A106,'Midterm 1'!P$47," ") | EX106: =IF('Midterm 1'!Q$1=$A106,'Midterm 1'!Q$47," ") | EY106: =IF('Midterm 1'!Q$2=$A106,'Midterm 1'!Q$47," ") | EZ106: =IF('Midterm 1'!R$1=$A106,'Midterm 1'!R$47," ") | FA106: =IF('Midterm 1'!R$2=$A106,'Midterm 1'!R$47," ") | FB106: =IF('Midterm 1'!S$1=$A106,'Midterm 1'!S$47," ") | FC106: =IF('Midterm 1'!S$2=$A106,'Midterm 1'!S$47," ") | FD106: =IF('Midterm 1'!T$1=$A106,'Midterm 1'!T$47," ") | FE106: =IF('Midterm 1'!T$2=$A106,'Midterm 1'!T$47," ") | FF106: =IF('Midterm 1'!U$1=$A106,'Midterm 1'!U$47," ") | FG106: =IF('Midterm 1'!U$2=$A106,'Midterm 1'!U$47," ") | FH106: =IF('Midterm 1'!V$1=$A106,'Midterm 1'!V$47," ") | FI106: =IF('Midterm 1'!V$2=$A106,'Midterm 1'!V$47," ") | FJ106: =IF('Midterm 1'!W$1=$A106,'Midterm 1'!W$47," ") | FK106: =IF('Midterm 1'!W$2=$A106,'Midterm 1'!W$47," ") | FL106: =IF('Midterm 1'!X$1=$A106,'Midterm 1'!X$47," ") | FM106: =IF('Midterm 1'!X$2=$A106,'Midterm 1'!X$47," ") | FN106: =IF('Midterm 1'!Y$1=$A106,'Midterm 1'!Y$47," ") | FO106: =IF('Midterm 1'!Y$2=$A106,'Midterm 1'!Y$47," ") | FP106: =IF('Midterm 1'!Z$1=$A106,'Midterm 1'!Z$47," ") | FQ106: =IF('Midterm 1'!Z$2=$A106,'Midterm 1'!Z$47," ") | FR106: =IF('Midterm 1'!AA$1=$A106,'Midterm 1'!AA$47," ") | FS106: =IF('Midterm 1'!AA$2=$A106,'Midterm 1'!AA$47," ") | FT106: =IF('Midterm 1'!AB$1=$A106,'Midterm 1'!AB$47," ") | FU106: =IF('Midterm 1'!AB$2=$A106,'Midterm 1'!AB$47," ") | FV106: =IF('Midterm 1'!AC$1=$A106,'Midterm 1'!AC$47," ") | FW106: =IF('Midterm 1'!AC$2=$A106,'Midterm 1'!AC$47," ") | FX106: =IF('Midterm 1'!AD$1=$A106,'Midterm 1'!AD$47," ") | FY106: =IF('Midterm 1'!AD$2=$A106,'Midterm 1'!AD$47," ") | FZ106: =IF('Midterm 1'!AE$1=$A106,'Midterm 1'!AE$47," ") | GA106: =IF('Midterm 1'!AE$2=$A106,'Midterm 1'!AE$47," ") | GB106: =IF('Midterm 1'!AF$1=$A106,'Midterm 1'!AF$47," ") | GC106: =IF('Midterm 1'!AF$2=$A106,'Midterm 1'!AF$47," ") | GE106: =IF('Midterm 2'!C$1=$A106,'Midterm 2'!C$47," ") | GF106: =IF('Midterm 2'!C$2=$A106,'Midterm 2'!C$47," ") | GG106: =IF('Midterm 2'!D$1=$A106,'Midterm 2'!D$47," ") | GH106: =IF('Midterm 2'!D$2=$A106,'Midterm 2'!D$47," ") | GI106: =IF('Midterm 2'!E$1=$A106,'Midterm 2'!E$47," ") | GJ106: =IF('Midterm 2'!E$2=$A106,'Midterm 2'!E$47," ") | GK106: =IF('Midterm 2'!F$1=$A106,'Midterm 2'!F$47," ") | GL106: =IF('Midterm 2'!F$2=$A106,'Midterm 2'!F$47," ") | GM106: =IF('Midterm 2'!G$1=$A106,'Midterm 2'!G$47," ") | GN106: =IF('Midterm 2'!G$2=$A106,'Midterm 2'!G$47," ") | GO106: =IF('Midterm 2'!H$1=$A106,'Midterm 2'!H$47," ") | GP106: =IF('Midterm 2'!H$2=$A106,'Midterm 2'!H$47," ") | GQ106: =IF('Midterm 2'!I$1=$A106,'Midterm 2'!I$47," ") | GR106: =IF('Midterm 2'!I$2=$A106,'Midterm 2'!I$47," ") | GS106: =IF('Midterm 2'!J$1=$A106,'Midterm 2'!J$47," ") | GT106: =IF('Midterm 2'!J$2=$A106,'Midterm 2'!J$47," ") | GU106: =IF('Midterm 2'!K$1=$A106,'Midterm 2'!K$47," ") | GV106: =IF('Midterm 2'!K$2=$A106,'Midterm 2'!K$47," ") | GW106: =IF('Midterm 2'!L$1=$A106,'Midterm 2'!L$47," ") | GX106: =IF('Midterm 2'!L$2=$A106,'Midterm 2'!L$47," ") | GY106: =IF('Midterm 2'!M$1=$A106,'Midterm 2'!M$47," ") | GZ106: =IF('Midterm 2'!M$2=$A106,'Midterm 2'!M$47," ") | HA106: =IF('Midterm 2'!N$1=$A106,'Midterm 2'!N$47," ") | HB106: =IF('Midterm 2'!N$2=$A106,'Midterm 2'!N$47," ") | HC106: =IF('Midterm 2'!O$1=$A106,'Midterm 2'!O$47," ") | HD106: =IF('Midterm 2'!O$2=$A106,'Midterm 2'!O$47," ") | HE106: =IF('Midterm 2'!P$1=$A106,'Midterm 2'!P$47," ") | HF106: =IF('Midterm 2'!P$2=$A106,'Midterm 2'!P$47," ") | HG106: =IF('Midterm 2'!Q$1=$A106,'Midterm 2'!Q$47," ") | HH106: =IF('Midterm 2'!Q$2=$A106,'Midterm 2'!Q$47," ") | HI106: =IF('Midterm 2'!R$1=$A106,'Midterm 2'!R$47," ") | HJ106: =IF('Midterm 2'!R$2=$A106,'Midterm 2'!R$47," ") | HK106: =IF('Midterm 2'!S$1=$A106,'Midterm 2'!S$47," ") | HL106: =IF('Midterm 2'!S$2=$A106,'Midterm 2'!S$47," ") | HM106: =IF('Midterm 2'!T$1=$A106,'Midterm 2'!T$47," ") | HN106: =IF('Midterm 2'!T$2=$A106,'Midterm 2'!T$47," ") | HO106: =IF('Midterm 2'!U$1=$A106,'Midterm 2'!U$47," ") | HP106: =IF('Midterm 2'!U$2=$A106,'Midterm 2'!U$47," ") | HQ106: =IF('Midterm 2'!V$1=$A106,'Midterm 2'!V$47," ") | HR106: =IF('Midterm 2'!V$2=$A106,'Midterm 2'!V$47," ") | HS106: =IF('Midterm 2'!W$1=$A106,'Midterm 2'!W$47," ") | HT106: =IF('Midterm 2'!W$2=$A106,'Midterm 2'!W$47," ") | HU106: =IF('Midterm 2'!X$1=$A106,'Midterm 2'!X$47," ") | HV106: =IF('Midterm 2'!X$2=$A106,'Midterm 2'!X$47," ") | HW106: =IF('Midterm 2'!Y$1=$A106,'Midterm 2'!Y$47," ") | HX106: =IF('Midterm 2'!Y$2=$A106,'Midterm 2'!Y$47," ") | HY106: =IF('Midterm 2'!Z$1=$A106,'Midterm 2'!Z$47," ") | HZ106: =IF('Midterm 2'!Z$2=$A106,'Midterm 2'!Z$47," ") | IA106: =IF('Midterm 2'!AA$1=$A106,'Midterm 2'!AA$47," ") | IB106: =IF('Midterm 2'!AA$2=$A106,'Midterm 2'!AA$47," ") | IC106: =IF('Midterm 2'!AB$1=$A106,'Midterm 2'!AB$47," ") | ID106: =IF('Midterm 2'!AB$2=$A106,'Midterm 2'!AB$47," ") | IE106: =IF('Midterm 2'!AC$1=$A106,'Midterm 2'!AC$47," ") | IF106: =IF('Midterm 2'!AC$2=$A106,'Midterm 2'!AC$47," ") | IG106: =IF('Midterm 2'!AD$1=$A106,'Midterm 2'!AD$47," ") | IH106: =IF('Midterm 2'!AD$2=$A106,'Midterm 2'!AD$47," ") | II106: =IF('Midterm 2'!AE$1=$A106,'Midterm 2'!AE$47," ") | IJ106: =IF('Midterm 2'!AE$2=$A106,'Midterm 2'!AE$47," ") | IK106: =IF('Midterm 2'!AF$1=$A106,'Midterm 2'!AF$47," ") | IL106: =IF('Midterm 2'!AF$2=$A106,'Midterm 2'!AF$47," ") | IM106: =IF('Midterm 2'!AG$1=$A106,'Midterm 2'!AG$47," ") | IN106: =IF('Midterm 2'!AG$2=$A106,'Midterm 2'!AG$47," ") | IO106: =IF('Midterm 2'!AH$1=$A106,'Midterm 2'!AH$47," ") | IP106: =IF('Midterm 2'!AH$2=$A106,'Midterm 2'!AF$47," ") | IR106: =IF('Final Exam'!C$1=$A106,'Final Exam'!C$46," ") | IS106: =IF('Final Exam'!C$2=$A106,'Final Exam'!C$46," ") | IT106: =IF('Final Exam'!D$1=$A106,'Final Exam'!D$46," ") | IU106: =IF('Final Exam'!D$2=$A106,'Final Exam'!D$46," ") | IV106: =IF('Final Exam'!E$1=$A106,'Final Exam'!E$46," ") | IW106: =IF('Final Exam'!E$2=$A106,'Final Exam'!E$46," ") | IX106: =IF('Final Exam'!F$1=$A106,'Final Exam'!F$46," ") | IY106: =IF('Final Exam'!F$2=$A106,'Final Exam'!F$46," ") | IZ106: =IF('Final Exam'!G$1=$A106,'Final Exam'!G$46," ") | JA106: =IF('Final Exam'!G$2=$A106,'Final Exam'!G$46," ") | JB106: =IF('Final Exam'!H$1=$A106,'Final Exam'!G$46," ") | JC106: =IF('Final Exam'!H$2=$A106,'Final Exam'!H$46," ") | JD106: =IF('Final Exam'!I$1=$A106,'Final Exam'!I$46," ") | JE106: =IF('Final Exam'!I$2=$A106,'Final Exam'!I$46," ") | JF106: =IF('Final Exam'!J$1=$A106,'Final Exam'!J$46," ") | JG106: =IF('Final Exam'!J$2=$A106,'Final Exam'!J$46," ") | JH106: =IF('Final Exam'!K$1=$A106,'Final Exam'!K$46," ") | JI106: =IF('Final Exam'!K$2=$A106,'Final Exam'!K$46," ") | JJ106: =IF('Final Exam'!L$1=$A106,'Final Exam'!L$46," ") | JK106: =IF('Final Exam'!L$2=$A106,'Final Exam'!L$46," ") | JL106: =IF('Final Exam'!M$1=$A106,'Final Exam'!M$46," ") | JM106: =IF('Final Exam'!M$2=$A106,'Final Exam'!M$46," ") | JN106: =IF('Final Exam'!N$1=$A106,'Final Exam'!N$46," ") | JO106: =IF('Final Exam'!N$2=$A106,'Final Exam'!N$46," ") | JP106: =IF('Final Exam'!O$1=$A106,'Final Exam'!O$46," ") | JQ106: =IF('Final Exam'!O$2=$A106,'Final Exam'!O$46," ") | JR106: =IF('Final Exam'!P$1=$A106,'Final Exam'!P$46," ") | JS106: =IF('Final Exam'!P$2=$A106,'Final Exam'!P$46," ") | JT106: =IF('Final Exam'!Q$1=$A106,'Final Exam'!Q$46," ") | JU106: =IF('Final Exam'!Q$2=$A106,'Final Exam'!Q$46," ") | JV106: =IF('Final Exam'!R$1=$A106,'Final Exam'!R$46," ") | JW106: =IF('Final Exam'!R$2=$A106,'Final Exam'!R$46," ") | JX106: =IF('Final Exam'!S$1=$A106,'Final Exam'!S$46," ") | JY106: =IF('Final Exam'!S$2=$A106,'Final Exam'!S$46," ") | JZ106: =IF('Final Exam'!T$1=$A106,'Final Exam'!T$46," ") | KA106: =IF('Final Exam'!T$2=$A106,'Final Exam'!T$46," ") | KB106: =IF('Final Exam'!U$1=$A106,'Final Exam'!U$46," ") | KC106: =IF('Final Exam'!U$2=$A106,'Final Exam'!U$46," ") | KD106: =IF('Final Exam'!V$1=$A106,'Final Exam'!V$46," ") | KE106: =IF('Final Exam'!V$2=$A106,'Final Exam'!V$46," ") | KF106: =IF('Final Exam'!W$1=$A106,'Final Exam'!W$46," ") | KG106: =IF('Final Exam'!W$2=$A106,'Final Exam'!W$46," ") | KH106: =IF('Final Exam'!X$1=$A106,'Final Exam'!X$46," ") | KI106: =IF('Final Exam'!X$2=$A106,'Final Exam'!X$46," ") | KJ106: =IF('Final Exam'!Y$1=$A106,'Final Exam'!Y$46," ") | KK106: =IF('Final Exam'!Y$2=$A106,'Final Exam'!Y$46," ") | KL106: =IF('Final Exam'!Z$1=$A106,'Final Exam'!Z$46," ") | KM106: =IF('Final Exam'!Z$2=$A106,'Final Exam'!Z$46," ") | KN106: =IF('Final Exam'!AA$1=$A106,'Final Exam'!AA$46," ") | KO106: =IF('Final Exam'!AA$2=$A106,'Final Exam'!AA$46," ") | KP106: =IF('Final Exam'!AB$1=$A106,'Final Exam'!AB$46," ") | KQ106: =IF('Final Exam'!AB$2=$A106,'Final Exam'!AB$46," ") | KR106: =IF('Final Exam'!AC$1=$A106,'Final Exam'!AC$46," ") | KS106: =IF('Final Exam'!AC$2=$A106,'Final Exam'!AC$46," ") | KT106: =IF('Final Exam'!AD$1=$A106,'Final Exam'!AD$46," ") | KU106: =IF('Final Exam'!AD$2=$A106,'Final Exam'!AD$46," ") | KV106: =IF('Final Exam'!AE$1=$A106,'Final Exam'!AE$46," ") | KW106: =IF('Final Exam'!AE$2=$A106,'Final Exam'!AE$46," ") | KX106: =IF('Final Exam'!AF$1=$A106,'Final Exam'!AF$46," ") | KY106: =IF('Final Exam'!AF$2=$A106,'Final Exam'!AF$46," ") | KZ106: =IF('Final Exam'!AG$1=$A106,'Final Exam'!AG$46," ") | LA106: =IF('Final Exam'!AG$2=$A106,'Final Exam'!AG$46," ") | LC106: =IF('Incomplete Final'!C$1=$A106,'Incomplete Final'!C$46," ") | LD106: =IF('Incomplete Final'!C$2=$A106,'Incomplete Final'!C$46," ") | LE106: =IF('Incomplete Final'!D$1=$A106,'Incomplete Final'!D$46," ") | LF106: =IF('Incomplete Final'!D$2=$A106,'Incomplete Final'!D$46," ") | LG106: =IF('Incomplete Final'!E$1=$A106,'Incomplete Final'!E$46," ") | LH106: =IF('Incomplete Final'!E$2=$A106,'Incomplete Final'!E$46," ") | LI106: =IF('Incomplete Final'!F$1=$A106,'Incomplete Final'!F$46," ") | LJ106: =IF('Incomplete Final'!F$2=$A106,'Incomplete Final'!F$46," ") | LK106: =IF('Incomplete Final'!G$1=$A106,'Incomplete Final'!G$46," ") | LL106: =IF('Incomplete Final'!G$2=$A106,'Incomplete Final'!G$46," ") | LM106: =IF('Incomplete Final'!H$1=$A106,'Incomplete Final'!H$46," ") | LN106: =IF('Incomplete Final'!H$2=$A106,'Incomplete Final'!H$46," ") | LO106: =IF('Incomplete Final'!I$1=$A106,'Incomplete Final'!I$46," ") | LP106: =IF('Incomplete Final'!I$2=$A106,'Incomplete Final'!I$46," ") | LQ106: =IF('Incomplete Final'!J$1=$A106,'Incomplete Final'!J$46," ") | LR106: =IF('Incomplete Final'!J$2=$A106,'Incomplete Final'!J$46," ") | LS106: =IF('Incomplete Final'!K$1=$A106,'Incomplete Final'!K$46," ") | LT106: =IF('Incomplete Final'!K$2=$A106,'Incomplete Final'!K$46," ") | LU106: =IF('Incomplete Final'!L$1=$A106,'Incomplete Final'!L$46," ") | LV106: =IF('Incomplete Final'!L$2=$A106,'Incomplete Final'!L$46," ") | LW106: =IF('Incomplete Final'!M$1=$A106,'Incomplete Final'!M$46," ") | LX106: =IF('Incomplete Final'!M$2=$A106,'Incomplete Final'!M$46," ") | LY106: =IF('Incomplete Final'!N$1=$A106,'Incomplete Final'!N$46," ") | LZ106: =IF('Incomplete Final'!N$2=$A106,'Incomplete Final'!N$46," ") | MA106: =IF('Incomplete Final'!O$1=$A106,'Incomplete Final'!O$46," ") | MB106: =IF('Incomplete Final'!O$2=$A106,'Incomplete Final'!AB$46," ") | MC106: =IF('Incomplete Final'!P$1=$A106,'Incomplete Final'!P$46," ") | MD106: =IF('Incomplete Final'!P$2=$A106,'Incomplete Final'!P$46," ") | ME106: =IF('Incomplete Final'!Q$1=$A106,'Incomplete Final'!Q$46," ") | MF106: =IF('Incomplete Final'!Q$2=$A106,'Incomplete Final'!Q$46," ") | MG106: =IF('Incomplete Final'!R$1=$A106,'Incomplete Final'!R$46," ") | MH106: =IF('Incomplete Final'!R$2=$A106,'Incomplete Final'!R$46," ") | MI106: =IF('Incomplete Final'!S$1=$A106,'Incomplete Final'!S$46," ") | MJ106: =IF('Incomplete Final'!S$2=$A106,'Incomplete Final'!S$46," ") | MK106: =IF('Incomplete Final'!T$1=$A106,'Incomplete Final'!T$46," ") | ML106: =IF('Incomplete Final'!T$2=$A106,'Incomplete Final'!T$46," ") | MM106: =IF('Incomplete Final'!U$1=$A106,'Incomplete Final'!U$46," ") | MN106: =IF('Incomplete Final'!U$2=$A106,'Incomplete Final'!U$46," ") | MO106: =IF('Incomplete Final'!V$1=$A106,'Incomplete Final'!V$46," ") | MP106: =IF('Incomplete Final'!V$2=$A106,'Incomplete Final'!V$46," ") | MQ106: =IF('Incomplete Final'!W$1=$A106,'Incomplete Final'!W$46," ") | MR106: =IF('Incomplete Final'!W$2=$A106,'Incomplete Final'!W$46," ") | MS106: =IF('Incomplete Final'!X$1=$A106,'Incomplete Final'!X$46," ") | MT106: =IF('Incomplete Final'!X$2=$A106,'Incomplete Final'!X$46," ") | MU106: =IF('Incomplete Final'!Y$1=$A106,'Incomplete Final'!Y$46," ") | MV106: =IF('Incomplete Final'!Y$2=$A106,'Incomplete Final'!Y$46," ") | MW106: =IF('Incomplete Final'!Z$1=$A106,'Incomplete Final'!Z$46," ") | MX106: =IF('Incomplete Final'!Z$2=$A106,'Incomplete Final'!Z$46," ") | MY106: =IF('Incomplete Final'!AA$1=$A106,'Incomplete Final'!AA$46," ") | MZ106: =IF('Incomplete Final'!AA$2=$A106,'Incomplete Final'!AA$46," ") | NA106: =IF('Incomplete Final'!AB$1=$A106,'Incomplete Final'!AB$46," ") | NB106: =IF('Incomplete Final'!AB$2=$A106,'Incomplete Final'!AB$46," ") | NC106: =IF('Incomplete Final'!AC$1=$A106,'Incomplete Final'!AC$46," ") | ND106: =IF('Incomplete Final'!AC$2=$A106,'Incomplete Final'!AC$46," ") | NE106: =IF('Incomplete Final'!AD$1=$A106,'Incomplete Final'!AD$46," ") | NF106: =IF('Incomplete Final'!AD$2=$A106,'Incomplete Final'!AD$46," ") | NG106: =IF('Incomplete Final'!AE$1=$A106,'Incomplete Final'!AE$46," ") | NH106: =IF('Incomplete Final'!AE$2=$A106,'Incomplete Final'!AE$46," ") | NI106: =IF('Incomplete Final'!AF$1=$A106,'Incomplete Final'!AF$46," ") | NJ106: =IF('Incomplete Final'!AF$2=$A106,'Incomplete Final'!AF$46," ") | NK106: =IF('Incomplete Final'!AG$1=$A106,'Incomplete Final'!AG$46," ") | NL106: =IF('Incomplete Final'!AG$2=$A106,'Incomplete Final'!AG$46," ") | NN106: =IF('Laboratory Final'!C$1=$A106,'Laboratory Final'!C$46," ") | NO106: =IF('Laboratory Final'!C$2=$A106,'Laboratory Final'!C$46," ") | NP106: =IF('Laboratory Final'!D$1=$A106,'Laboratory Final'!D$46," ") | NQ106: =IF('Laboratory Final'!D$2=$A106,'Laboratory Final'!D$46," ") | NR106: =IF('Laboratory Final'!E$1=$A106,'Laboratory Final'!E$46," ") | NS106: =IF('Laboratory Final'!E$2=$A106,'Laboratory Final'!E$46," ") | NT106: =IF('Laboratory Final'!F$1=$A106,'Laboratory Final'!F$46," ") | NU106: =IF('Laboratory Final'!F$2=$A106,'Laboratory Final'!F$46," ") | NV106: =IF('Laboratory Final'!G$1=$A106,'Laboratory Final'!G$46," ") | NW106: =IF('Laboratory Final'!G$2=$A106,'Laboratory Final'!G$46," ") | NX106: =IF('Laboratory Final'!H$1=$A106,'Laboratory Final'!H$46," ") | NY106: =IF('Laboratory Final'!H$2=$A106,'Laboratory Final'!H$46," ") | NZ106: =IF('Laboratory Final'!I$1=$A106,'Laboratory Final'!I$46," ") | OA106: =IF('Laboratory Final'!I$2=$A106,'Laboratory Final'!I$46," ") | OB106: =IF('Laboratory Final'!J$1=$A106,'Laboratory Final'!J$46," ") | OC106: =IF('Laboratory Final'!J$2=$A106,'Laboratory Final'!J$46," ") | OD106: =IF('Laboratory Final'!K$1=$A106,'Laboratory Final'!K$46," ") | OE106: =IF('Laboratory Final'!K$2=$A106,'Laboratory Final'!K$46," ") | OF106: =IF('Laboratory Final'!L$1=$A106,'Laboratory Final'!L$46," ") | OG106: =IF('Laboratory Final'!L$2=$A106,'Laboratory Final'!L$46," ") | OI106: =AVERAGE(D106:OG106) -> #DIV/0!
